source_id,target_id,weight,source_book,page,evidence
E05868,E36873,1,船舶电气设备维修指南,16,"障,可信度为$X_{1}$;移相电抗器开路,可信度为$X_{2}$;复励变压器故障,可信度为$X_{3}$"
E05883,E36895,1,船舶电气设备维修指南,18,"其中如电阻烧坏、电容器漏液或炸裂、电源变压器损坏,开关滑位、电路断线、插件松脱等迹象都容易发现"
E20768,E40680,1,船舶柴油机故障实例 (张庆信编),35,要改变活塞环异常磨损和改善初期干磨擦方面采取下述措施是重要的
E06535,E37031,1,船舶电气设备维修指南,74,代号HRDKCQJLZBTMA名称刀开关和刀形转换开关熔断器断路器控制器接触器起动器控制继电器主令电器电阻器变阻器调整器电磁铁其他A按钮式按钮B板形元件触电保护器C插入式电磁式冲片元件旋臂式插销D刀开关漏电铁铬铝带型元件电压信号灯EFG鼓形高压管形元件H封闭式负荷开关汇流排式接线盒J交流减压接近开关K开启式负荷开关真空主令控制器L螺旋式电流励磁电铃M密闭管式灭磁灭磁NP平面中频频敏Q起动牵引R熔断
E20869,E40712,1,船舶柴油机故障实例 (张庆信编),43,透平端轴承外套损坏
E20909,E40717,1,船舶柴油机故障实例 (张庆信编),45,"活塞环的测量是一项简单的工作,但从这次主机活塞环断裂的后果证明,这确是一件非常重要的技术工作"
E21077,E40738,1,船舶柴油机故障实例 (张庆信编),56,扫气单向阀片损坏
E08973,E40778,1,"船舶液压机械维护与故障分析 (郑士君,宋新新编著)",3,液压系统产生漏油的原因与解决方法......(54
E21529,E40841,1,"船舶液压机械维护与故障分析 (郑士君,宋新新编著)",17,"液压泵常常希望能高速运转,这样可直接与高速原动机连接并缩小液压泵体积,而液压马达最好能与低速的工作机构直接连接,否则要采取减速措施,对于变速的液压马达也希望调速范围大,具有最低的稳定转速,齿轮液压马达漏油环节较多,采用间隙补偿提高容积效率的结构也较复杂,因此一般不适用于低速"
E21816,E40855,1,"船舶液压机械维护与故障分析 (郑士君,宋新新编著)",31,"从而使右侧液压缸失压,左侧液压缸中的油液高速回油箱,这时专用阀的阀芯右端失压,在弹簧力作用下,阀芯向右移动,当移到节流阀位置时,左侧液压缸回油通道被节流,回油受到较大阻力,使管路中的油压升高,平衡住水流对舵叶的作用,而使舵叶转动速度得到限止,不致使右侧液压缸出现吸空现象"
E08973,E40921,2,"船舶液压机械维护与故障分析 (郑士君,宋新新编著)",54,液压系统漏油是一种严重的能源浪费
E18460,E40934,2,"船舶液压机械维护与故障分析 (郑士君,宋新新编著)",54,"管接头漏油在漏油事故中占的比例很高,约占系统漏油的30%~40%"
E18460,E40936,2,"船舶液压机械维护与故障分析 (郑士君,宋新新编著)",54,管接头漏油主要与连接处的加工精度、坚固程度及毛刺是否除掉有关
E15248,E41012,2,"船舶液压机械维护与故障分析 (郑士君,宋新新编著)",77,"壳体温度点温计(贴在泵体上)1/年0油温+5~7°C温度急剧上升时,要检修与工作油(混入空气、水等)、滤油器网眼堵塞以及溢流阀振动有关压力压力表1/3月0保持规定的压力或不能保持时要修理当压力剧烈变化或不能保持时要修理注意压力表的共振液压泵外泄漏日视、手摸1/3月0漏油一滴约0.05mL更换轴密封或其它密封件注意密封件的老化混入空气在泵轴密封处和吸入管处注油试一试1/3月00完全不能吸入空气螺钉松"
E22500,E41015,2,"船舶液压机械维护与故障分析 (郑士君,宋新新编著)",77,"壳体温度点温计(贴在泵体上)1/年0油温+5~7°C温度急剧上升时,要检修与工作油(混入空气、水等)、滤油器网眼堵塞以及溢流阀振动有关压力压力表1/3月0保持规定的压力或不能保持时要修理当压力剧烈变化或不能保持时要修理注意压力表的共振液压泵外泄漏日视、手摸1/3月0漏油一滴约0.05mL更换轴密封或其它密封件注意密封件的老化混入空气在泵轴密封处和吸入管处注油试一试1/3月00完全不能吸入空气螺钉松"
E22505,E41022,1,"船舶液压机械维护与故障分析 (郑士君,宋新新编著)",77,"壳体温度点温计(贴在泵体上)1/年0油温+5~7°C温度急剧上升时,要检修与工作油(混入空气、水等)、滤油器网眼堵塞以及溢流阀振动有关压力压力表1/3月0保持规定的压力或不能保持时要修理当压力剧烈变化或不能保持时要修理注意压力表的共振液压泵外泄漏日视、手摸1/3月0漏油一滴约0.05mL更换轴密封或其它密封件注意密封件的老化混入空气在泵轴密封处和吸入管处注油试一试1/3月00完全不能吸入空气螺钉松"
E22511,E41026,1,"船舶液压机械维护与故障分析 (郑士君,宋新新编著)",77,"壳体温度点温计(贴在泵体上)1/年0油温+5~7°C温度急剧上升时,要检修与工作油(混入空气、水等)、滤油器网眼堵塞以及溢流阀振动有关压力压力表1/3月0保持规定的压力或不能保持时要修理当压力剧烈变化或不能保持时要修理注意压力表的共振液压泵外泄漏日视、手摸1/3月0漏油一滴约0.05mL更换轴密封或其它密封件注意密封件的老化混入空气在泵轴密封处和吸入管处注油试一试1/3月00完全不能吸入空气螺钉松"
E08027,E41066,2,"船舶液压机械维护与故障分析 (郑士君,宋新新编著)",85,"泵的工作压力低或无压力:在负载正常情况下主要原因是泵零部件磨损严重,密封件失效,管路破损,控制阀故障,执行元件内漏严重"
E20405,E41070,2,"船舶液压机械维护与故障分析 (郑士君,宋新新编著)",85,"吸油管不允许漏气,并尽可能减小泵的吸入阻力"
E22860,E41206,2,"船舶液压机械维护与故障分析 (郑士君,宋新新编著)",96,"故障产生原因排除方法主阀芯不运动1.电磁铁故障(1)电磁铁线圈烧坏(2)电磁铁推动力不足或漏磁(3)电气线路出故障(4)电磁铁未加上控制信号(5)电磁铁铁芯卡死(1)检查原因,进行修理或更换(2)检查原因,进行修理或更换(3)消除故障(4)检查后加上控制信号(5)检修或更换2.先导电磁阀故障(1)阀芯与阀体孔卡死(如零件几何精度差;阀芯与阀孔配合过紧;油液过脏)(2)弹簧弯曲,使滑阀卡死(1)修理"
E06857,E41356,1,"船舶液压机械维护与故障分析 (郑士君,宋新新编著)",119,"故障产生原因分析排除方法操舵时舵机不转舵1.操舵系统中机械连接件松脱,应该插入的插销未插入,或同时插入两套操舵装置的插销,导致装置运动件发生干涉、损坏或插销折断,开口销未装妥使连接销脱落2.操舵系统或主油路系统在投入正常工作时应该关闭的旁通阀未关或未关严3.液压系统故障,主、辅液压泵损坏,安全溢流阀、分配阀箱、各种截止阀损坏或严重泄漏,或未调整好4.电力操纵系统断路,电磁阀线圈烧坏或滑阀卡阻,主液"
E08973,E41360,1,"船舶液压机械维护与故障分析 (郑士君,宋新新编著)",119,"故障产生原因分析排除方法操舵时舵机不转舵1.操舵系统中机械连接件松脱,应该插入的插销未插入,或同时插入两套操舵装置的插销,导致装置运动件发生干涉、损坏或插销折断,开口销未装妥使连接销脱落2.操舵系统或主油路系统在投入正常工作时应该关闭的旁通阀未关或未关严3.液压系统故障,主、辅液压泵损坏,安全溢流阀、分配阀箱、各种截止阀损坏或严重泄漏,或未调整好4.电力操纵系统断路,电磁阀线圈烧坏或滑阀卡阻,主液"
E18998,E41360,1,"船舶液压机械维护与故障分析 (郑士君,宋新新编著)",119,"故障产生原因分析排除方法操舵时舵机不转舵1.操舵系统中机械连接件松脱,应该插入的插销未插入,或同时插入两套操舵装置的插销,导致装置运动件发生干涉、损坏或插销折断,开口销未装妥使连接销脱落2.操舵系统或主油路系统在投入正常工作时应该关闭的旁通阀未关或未关严3.液压系统故障,主、辅液压泵损坏,安全溢流阀、分配阀箱、各种截止阀损坏或严重泄漏,或未调整好4.电力操纵系统断路,电磁阀线圈烧坏或滑阀卡阻,主液"
E18998,E41363,1,"船舶液压机械维护与故障分析 (郑士君,宋新新编著)",119,"故障产生原因分析排除方法操舵时舵机不转舵1.操舵系统中机械连接件松脱,应该插入的插销未插入,或同时插入两套操舵装置的插销,导致装置运动件发生干涉、损坏或插销折断,开口销未装妥使连接销脱落2.操舵系统或主油路系统在投入正常工作时应该关闭的旁通阀未关或未关严3.液压系统故障,主、辅液压泵损坏,安全溢流阀、分配阀箱、各种截止阀损坏或严重泄漏,或未调整好4.电力操纵系统断路,电磁阀线圈烧坏或滑阀卡阻,主液"
E06857,E41365,1,"船舶液压机械维护与故障分析 (郑士君,宋新新编著)",119,"故障产生原因分析排除方法操舵时舵机不转舵1.操舵系统中机械连接件松脱,应该插入的插销未插入,或同时插入两套操舵装置的插销,导致装置运动件发生干涉、损坏或插销折断,开口销未装妥使连接销脱落2.操舵系统或主油路系统在投入正常工作时应该关闭的旁通阀未关或未关严3.液压系统故障,主、辅液压泵损坏,安全溢流阀、分配阀箱、各种截止阀损坏或严重泄漏,或未调整好4.电力操纵系统断路,电磁阀线圈烧坏或滑阀卡阻,主液"
E20669,E41370,1,"船舶液压机械维护与故障分析 (郑士君,宋新新编著)",119,"具体原因有:1.密封、填料、阀门、接头等处有泄漏,空气进入系统2.拆装检修后没有驱尽空气,整个操作过程不严格遵守规程3.在使用过程中,发送器补给油箱油位过低,甚至低于补给阀吸入口,补油时将空气吸入4.管路中弯头太多,布置不合理,造成气塞1.检漏、更换密封件2.拆检时严守操作规程,排尽空气3.注意补油,防污染物进入系统4.改进管路布置操舵停止,舵叶继续转动,造成“冲舵”1.反馈装置失灵2.管路接反3"
E23690,E41411,3,"船舶液压机械维护与故障分析 (郑士君,宋新新编著)",135,"故障产生原因排除方法起升绞车液压系统1.无工作压力或控制压力2.安全阀已开启3.钢丝绳松弛设备已动作4.控制元件没有发挥作用1.检查压力,按需要重新调整2.重新调整3.检查,按需要重新调整4.检查控制元件动作无工作压力1.组合阀中电磁阀卡死2.管道破裂或接头泄漏1.拆检并清洁2.修补或重新安装(注意:破裂部分可能在油柜中)无控制压力3.吸入滤器堵塞4.液压泵不供油3.清洗滤器4.参照[液压泵]部分"
E06814,E41412,2,"船舶液压机械维护与故障分析 (郑士君,宋新新编著)",135,"故障产生原因排除方法起升绞车液压系统1.无工作压力或控制压力2.安全阀已开启3.钢丝绳松弛设备已动作4.控制元件没有发挥作用1.检查压力,按需要重新调整2.重新调整3.检查,按需要重新调整4.检查控制元件动作无工作压力1.组合阀中电磁阀卡死2.管道破裂或接头泄漏1.拆检并清洁2.修补或重新安装(注意:破裂部分可能在油柜中)无控制压力3.吸入滤器堵塞4.液压泵不供油3.清洗滤器4.参照[液压泵]部分"
E06814,E41415,2,"船舶液压机械维护与故障分析 (郑士君,宋新新编著)",135,"故障产生原因排除方法起升绞车液压系统1.无工作压力或控制压力2.安全阀已开启3.钢丝绳松弛设备已动作4.控制元件没有发挥作用1.检查压力,按需要重新调整2.重新调整3.检查,按需要重新调整4.检查控制元件动作无工作压力1.组合阀中电磁阀卡死2.管道破裂或接头泄漏1.拆检并清洁2.修补或重新安装(注意:破裂部分可能在油柜中)无控制压力3.吸入滤器堵塞4.液压泵不供油3.清洗滤器4.参照[液压泵]部分"
E18997,E41416,3,"船舶液压机械维护与故障分析 (郑士君,宋新新编著)",135,"故障产生原因排除方法起升绞车液压系统1.无工作压力或控制压力2.安全阀已开启3.钢丝绳松弛设备已动作4.控制元件没有发挥作用1.检查压力,按需要重新调整2.重新调整3.检查,按需要重新调整4.检查控制元件动作无工作压力1.组合阀中电磁阀卡死2.管道破裂或接头泄漏1.拆检并清洁2.修补或重新安装(注意:破裂部分可能在油柜中)无控制压力3.吸入滤器堵塞4.液压泵不供油3.清洗滤器4.参照[液压泵]部分"
E06814,E41418,1,"船舶液压机械维护与故障分析 (郑士君,宋新新编著)",135,"故障产生原因排除方法起升绞车液压系统1.无工作压力或控制压力2.安全阀已开启3.钢丝绳松弛设备已动作4.控制元件没有发挥作用1.检查压力,按需要重新调整2.重新调整3.检查,按需要重新调整4.检查控制元件动作无工作压力1.组合阀中电磁阀卡死2.管道破裂或接头泄漏1.拆检并清洁2.修补或重新安装(注意:破裂部分可能在油柜中)无控制压力3.吸入滤器堵塞4.液压泵不供油3.清洗滤器4.参照[液压泵]部分"
E06814,E41420,1,"船舶液压机械维护与故障分析 (郑士君,宋新新编著)",135,"故障产生原因排除方法起升绞车液压系统1.无工作压力或控制压力2.安全阀已开启3.钢丝绳松弛设备已动作4.控制元件没有发挥作用1.检查压力,按需要重新调整2.重新调整3.检查,按需要重新调整4.检查控制元件动作无工作压力1.组合阀中电磁阀卡死2.管道破裂或接头泄漏1.拆检并清洁2.修补或重新安装(注意:破裂部分可能在油柜中)无控制压力3.吸入滤器堵塞4.液压泵不供油3.清洗滤器4.参照[液压泵]部分"
E23712,E41420,2,"船舶液压机械维护与故障分析 (郑士君,宋新新编著)",135,"故障产生原因排除方法起升绞车液压系统1.无工作压力或控制压力2.安全阀已开启3.钢丝绳松弛设备已动作4.控制元件没有发挥作用1.检查压力,按需要重新调整2.重新调整3.检查,按需要重新调整4.检查控制元件动作无工作压力1.组合阀中电磁阀卡死2.管道破裂或接头泄漏1.拆检并清洁2.修补或重新安装(注意:破裂部分可能在油柜中)无控制压力3.吸入滤器堵塞4.液压泵不供油3.清洗滤器4.参照[液压泵]部分"
E18684,E41425,1,"船舶液压机械维护与故障分析 (郑士君,宋新新编著)",135,"故障产生原因排除方法起升绞车液压系统1.无工作压力或控制压力2.安全阀已开启3.钢丝绳松弛设备已动作4.控制元件没有发挥作用1.检查压力,按需要重新调整2.重新调整3.检查,按需要重新调整4.检查控制元件动作无工作压力1.组合阀中电磁阀卡死2.管道破裂或接头泄漏1.拆检并清洁2.修补或重新安装(注意:破裂部分可能在油柜中)无控制压力3.吸入滤器堵塞4.液压泵不供油3.清洗滤器4.参照[液压泵]部分"
E23737,E41433,2,"船舶液压机械维护与故障分析 (郑士君,宋新新编著)",135,"故障产生原因排除方法起升绞车液压系统1.无工作压力或控制压力2.安全阀已开启3.钢丝绳松弛设备已动作4.控制元件没有发挥作用1.检查压力,按需要重新调整2.重新调整3.检查,按需要重新调整4.检查控制元件动作无工作压力1.组合阀中电磁阀卡死2.管道破裂或接头泄漏1.拆检并清洁2.修补或重新安装(注意:破裂部分可能在油柜中)无控制压力3.吸入滤器堵塞4.液压泵不供油3.清洗滤器4.参照[液压泵]部分"
E23738,E41434,2,"船舶液压机械维护与故障分析 (郑士君,宋新新编著)",135,"故障产生原因排除方法起升绞车液压系统1.无工作压力或控制压力2.安全阀已开启3.钢丝绳松弛设备已动作4.控制元件没有发挥作用1.检查压力,按需要重新调整2.重新调整3.检查,按需要重新调整4.检查控制元件动作无工作压力1.组合阀中电磁阀卡死2.管道破裂或接头泄漏1.拆检并清洁2.修补或重新安装(注意:破裂部分可能在油柜中)无控制压力3.吸入滤器堵塞4.液压泵不供油3.清洗滤器4.参照[液压泵]部分"
E23741,E41436,2,"船舶液压机械维护与故障分析 (郑士君,宋新新编著)",135,"故障产生原因排除方法起升绞车液压系统1.无工作压力或控制压力2.安全阀已开启3.钢丝绳松弛设备已动作4.控制元件没有发挥作用1.检查压力,按需要重新调整2.重新调整3.检查,按需要重新调整4.检查控制元件动作无工作压力1.组合阀中电磁阀卡死2.管道破裂或接头泄漏1.拆检并清洁2.修补或重新安装(注意:破裂部分可能在油柜中)无控制压力3.吸入滤器堵塞4.液压泵不供油3.清洗滤器4.参照[液压泵]部分"
E23892,E41447,1,"船舶液压机械维护与故障分析 (郑士君,宋新新编著)",148,"故障形式产生原因排除方法3.操纵控制手柄时发出异常声音1联锁开关故障2起货机误用高速或反向手柄操作3空气混入液压油中1重新调整2按要求操纵3清除空气,分析空气进入原因4.制动器不能松闸1联锁开关故障2控制手柄上的限位开关脱开3电气零件故障(触点,继电器)4制动电磁阀故障5制动油路安全阀故障6减压阀阻塞1拆检并重新调整2检查并重新调整3视情修复5.制动器不能抱闸1制动液压缸、销、枢轴故障2制动弹簧断"
E23894,E41449,1,"船舶液压机械维护与故障分析 (郑士君,宋新新编著)",148,"故障形式产生原因排除方法3.操纵控制手柄时发出异常声音1联锁开关故障2起货机误用高速或反向手柄操作3空气混入液压油中1重新调整2按要求操纵3清除空气,分析空气进入原因4.制动器不能松闸1联锁开关故障2控制手柄上的限位开关脱开3电气零件故障(触点,继电器)4制动电磁阀故障5制动油路安全阀故障6减压阀阻塞1拆检并重新调整2检查并重新调整3视情修复5.制动器不能抱闸1制动液压缸、销、枢轴故障2制动弹簧断"
E23895,E41450,1,"船舶液压机械维护与故障分析 (郑士君,宋新新编著)",148,"故障形式产生原因排除方法3.操纵控制手柄时发出异常声音1联锁开关故障2起货机误用高速或反向手柄操作3空气混入液压油中1重新调整2按要求操纵3清除空气,分析空气进入原因4.制动器不能松闸1联锁开关故障2控制手柄上的限位开关脱开3电气零件故障(触点,继电器)4制动电磁阀故障5制动油路安全阀故障6减压阀阻塞1拆检并重新调整2检查并重新调整3视情修复5.制动器不能抱闸1制动液压缸、销、枢轴故障2制动弹簧断"
E20180,E41461,1,"船舶液压机械维护与故障分析 (郑士君,宋新新编著)",149,"故障形式产生原因排除方法1.液压泵有异常声响1高位油箱管路上的截止阀未开1打开2抽吸管道内抽空2清洗吸油滤器3低温下使用高粘度油3加热后运转或使用合适的液压油4空气混入液压油中4排除空气5液压泵叶片故障5维修与更换6凸轮环磨损6检查原因,视情修复或更换7泵和电机的对中精度不够7重新对中2.液压油温升不正常1冷油却器风扇电机故障1视情修复2冷却器风扇断裂或变形2修复或更换3冷却器换热表面受灰尘污染3"
E23909,E41463,1,"船舶液压机械维护与故障分析 (郑士君,宋新新编著)",149,"4更换冷却器芯子,检查冷却器旁通阀5超载工作5按额定载荷工作6温度上升超过40°C6减少循环时间3.油压建立不起来1液压泵装配不正确1拆检并重新装配2回转方向不对2纠正至规定的转向3系统中安全阀故障3拆检,视情修复或更换4液压泵咬死,引起泵轴拉伤4维修或更换5液压马达故障5详见故障44.液压马达故障1轻载能起重,但额定载荷无法起重1液压马达减压阀故障1拆检清洗,视情修复或更换a.调节螺钉松开b.弹"
E05974,E41478,1,"船舶液压机械维护与故障分析 (郑士君,宋新新编著)",155,"检查各种显而易见的故障,例如:保险丝短路,传感器故障,电缆接线桩是否松开等故障"
E06857,E41203,1,"船舶液压机械维护与故障分析 (郑士君,宋新新编著)",156,故障产生原因排除方法回油压力或控制压力下降1.压力开关压力调的过低2.回油溢流阀压力调的过低3.控制油溢流阀的调定压力过低4.回油管系或控制油管系损坏1.按要求重新调定2.按要求重新调定3.按要求重新调定4.修复管系主跳板锁紧装置不能释放或不能锁紧1.电磁阀V60-2有故障2.电磁铁线圈烧坏3.单向节流阀2-27a节流口开度过小4.截止阀未开5.橡胶软管已损坏1.参照说明书要求修复或换新2.换新3
E06857,E41496,1,"船舶液压机械维护与故障分析 (郑士君,宋新新编著)",157,故障产生原因排除方法主跳板支撑装置不能伸缩1.液压泵有故障1.开启备用泵2.单向顺序阀2-31已损坏2.视情修复或换新3.液控单向阀的控制油路堵塞3.清洁管路4.泵站处截止阀未开4.开启截止阀5.橡胶软管损坏5.换新6.单向节流阀2-29开度过小6.重新调节节流阀的开度7.电磁阀V36-1有故障7.视情修复或更换8.电磁铁线圈已烧坏8.换新9.供给电液阀的控制油压力过低9.检查控制油路10.电磁铁
E18997,E41497,1,"船舶液压机械维护与故障分析 (郑士君,宋新新编著)",157,故障产生原因排除方法主跳板支撑装置不能伸缩1.液压泵有故障1.开启备用泵2.单向顺序阀2-31已损坏2.视情修复或换新3.液控单向阀的控制油路堵塞3.清洁管路4.泵站处截止阀未开4.开启截止阀5.橡胶软管损坏5.换新6.单向节流阀2-29开度过小6.重新调节节流阀的开度7.电磁阀V36-1有故障7.视情修复或更换8.电磁铁线圈已烧坏8.换新9.供给电液阀的控制油压力过低9.检查控制油路10.电磁铁
E22838,E41545,1,船舶液压系统故障诊断与维修技术 (郑士君编著),24,"液控单向阀按泄漏油液方式的不同有内泄漏与外泄漏之分,对高压阀为减小控制压力可采用带卸荷阀芯的结构"
E24822,E41571,1,船舶液压系统故障诊断与维修技术 (郑士君编著),42,"从而使进油液压缸失压,回油液压缸中的油液高速回油,这时专用阀的阀芯右端失压,在弹簧力的作用下,阀芯向右移动,当移到节流阀位置时,液压缸回油通道被节流,回油受到较大阻力,使管路中的油压升高,平衡住水流对舵叶的作用,而使舵叶转动速度得到限止,不致使进油液压缸出现吸空现象"
E06745,E37101,1,船舶电气设备维修指南,84,"故障现象故障原因处理方法(一)手动操作自动开关,触头不能闭合1失压脱扣器无电压或线圈烧坏2贮能弹簧变形,导致闭合力减小3反作用弹簧力过大4机构不能复位再扣1检查线路,施加电压或更换线圈2更换贮能弹簧3重新调整4调整再扣接触面至规定值(二)电动操作自动开关,触头不能闭合1操作电源电压不符2电源容量不够3电磁铁拉杆行程不够4电动机操作定位开关失灵5控制器中整流管或电容器损坏1更换电源2增大操作电源容量"
E06757,E37107,1,船舶电气设备维修指南,84,"故障现象故障原因处理方法(一)手动操作自动开关,触头不能闭合1失压脱扣器无电压或线圈烧坏2贮能弹簧变形,导致闭合力减小3反作用弹簧力过大4机构不能复位再扣1检查线路,施加电压或更换线圈2更换贮能弹簧3重新调整4调整再扣接触面至规定值(二)电动操作自动开关,触头不能闭合1操作电源电压不符2电源容量不够3电磁铁拉杆行程不够4电动机操作定位开关失灵5控制器中整流管或电容器损坏1更换电源2增大操作电源容量"
E18998,E41741,1,船舶液压系统故障诊断与维修技术 (郑士君编著),104,"液压缸内泄漏量超过产品图纸规定值的三倍以上时,由于内泄造成液压缸输出力减少,应检查内泄漏原因"
E08970,E41968,1,船舶液压系统故障诊断与维修技术 (郑士君编著),133,该系统的顶端事件为“舵机失效
E25509,E41970,1,船舶液压系统故障诊断与维修技术 (郑士君编著),134,"图8-7中$G_{1}$$G_{1}^{\prime}$和$G_{2}$事件中至少有一个出现,就会发生舵机失效,这就是逻辑或的关系,因此,$G_{1}$$G_{1}^{\prime}$和$G_{2}$是相串联的"
E25686,E42005,1,船舶液压系统故障诊断与维修技术 (郑士君编著),151,"BCDEFGHIJKLMNOP故障原因措施●1转叶液压缸内部磨损更换密封●2主控制阀卡死解体,清洁后重新组装●3电磁阀卡死解体,清洁阀芯或更换阀芯●4电磁铁无电流修复5密封磨损或断裂更换密封6舵角指示器故障修复或更换7液压系统中有空气放气8滤油器脏堵清洗9液压泵轴处油封磨损更换10液压系统充油过多故障一部分11液压泵安装不良重新安装12联轴器磨损更换13压盖过松重新紧固压盖14膨胀油柜油位过低检查"
E18997,E42008,1,船舶液压系统故障诊断与维修技术 (郑士君编著),151,"BCDEFGHIJKLMNOP故障原因措施●1转叶液压缸内部磨损更换密封●2主控制阀卡死解体,清洁后重新组装●3电磁阀卡死解体,清洁阀芯或更换阀芯●4电磁铁无电流修复5密封磨损或断裂更换密封6舵角指示器故障修复或更换7液压系统中有空气放气8滤油器脏堵清洗9液压泵轴处油封磨损更换10液压系统充油过多故障一部分11液压泵安装不良重新安装12联轴器磨损更换13压盖过松重新紧固压盖14膨胀油柜油位过低检查"
E18997,E41114,1,船舶液压系统故障诊断与维修技术 (郑士君编著),190,"故障产生原因排除方法变幅绞车无法向下运动1.限位阀已动作1.检查限位阀是否调整得当2.压力过低2.重新调整压力3.管路中泄漏3.检查并修理4.液压泵损伤4.参照(液压泵)部分上述故障排除后,若变幅绞车仍不能运转,应参照(液压马达)部分,检查液压马达回转机构液压系统制动器不能松闸1.无工作压力或控制压力1.检查压力,按需要重新调整2.控制设备失灵2.检查控制设备1.组合阀中电磁阀关闭不严1.清洗并关"
E12894,E42057,1,船舶液压系统故障诊断与维修技术 (郑士君编著),190,"故障产生原因排除方法变幅绞车无法向下运动1.限位阀已动作1.检查限位阀是否调整得当2.压力过低2.重新调整压力3.管路中泄漏3.检查并修理4.液压泵损伤4.参照(液压泵)部分上述故障排除后,若变幅绞车仍不能运转,应参照(液压马达)部分,检查液压马达回转机构液压系统制动器不能松闸1.无工作压力或控制压力1.检查压力,按需要重新调整2.控制设备失灵2.检查控制设备1.组合阀中电磁阀关闭不严1.清洗并关"
E15248,E42075,1,船舶液压系统故障诊断与维修技术 (郑士君编著),196,"单向阀泄漏的原因主要有:阀口处有杂质,阀口冲蚀,实船情况以后者居多,原因是阀口处流速很高,加上油液污染时,油中的颗粒杂质对阀口产生冲刷,而使单向阀的反向密封失效"
E06892,E37195,1,船舶电气设备维修指南,94,故障现象故障原因处理1保险管熔断“POWER”灯灭更换保险管重接3输入电源线断更换接线1负载短路或过载保险管多次熔断用万用表测2输入电压设定错3保险管容量太小改接正确改换大的1程序中无“END”指示“RUN”灯灭修改程序检查电源修改口址2电源故障3I/O口址重复1未向输入信号供电源输入均不接通接通有关电源调整电源电压使其符合要求4端子触钉松动4端子板接触不良调整电源电压使其符合要求4处理后重接PC
E26907,E42182,1,"船舶电气设备及系统(大连海事大学出版社,2011) (郑华耀)",39,"在进行短路试验时,变压器副边绕组短路,原边绕组端加电压,由零逐渐升高,直至绕组中电流达额定值为止(此时副边绕组中电流同时达到额定值),并同时测取此时的输入功率$P_{k}$,由简化等效电路即可求得短路阻抗"
E26911,E42187,1,"船舶电气设备及系统(大连海事大学出版社,2011) (郑华耀)",39,"从运行性能方面考虑,要求短路电压小些,即短路阻抗小,这样变压器的电压变化率就小;但从限制变压器短路电流的角度看,希望短路电压大些,这样可使变压器在意外短路时的短路电流可以小些"
E27766,E42217,1,"船舶电气设备及系统(大连海事大学出版社,2011) (郑华耀)",84,"同时当任意两线圈转到磁场几何中性线$\left(\Phi=0\right)$处时,它将被电刷短路,由于此时线圈切割的电动势为零,线圈中不会产生通过电刷的短路环流,因而空载运行时,也就没有电刷火花产生"
E27769,E42219,1,"船舶电气设备及系统(大连海事大学出版社,2011) (郑华耀)",84,"如果电刷不在上述的正确位置,则被电刷分割的每一并联支路中都包含有相反极下的线圈,因而有方向相反的电动势,总的电动势小于最大电动势;同时被电刷短路的线圈也不处在几何中性面上,线圈中有切割电动势,因而有通过电刷的短路环流,当线圈脱离电刷短路时将产生断路火花"
E06916,E37206,1,船舶电气设备维修指南,98,"直流电动机励磁线圈损坏时,须拆下磁极进行修理"
E29306,E42270,1,"船舶电气设备及系统(大连海事大学出版社,2011) (郑华耀)",161,"它的缺点是工作效率低,制造精度要求高,油路管道系统复杂,一旦管路破损漏油则不易修复"
E12964,E42271,1,"船舶电气设备及系统(大连海事大学出版社,2011) (郑华耀)",163,"电动机本身的JC值不能小于起货机实际运行的JC值,否则电动机会过热而影响使用寿命"
E08282,E42294,1,"船舶电气设备及系统(大连海事大学出版社,2011) (郑华耀)",173,"同样,当中、高速绕组长期过载时,9-f2/3电阻值升高,使8-u12中的8-d2释放,其常开触点21-d2断开,21-d14失电,触点26-d14(13,14)断开,中、高速接触器26-C14、27-C15断电,起货机不能在中、高速运行而只能低速运行"
E08848,E42296,1,"船舶电气设备及系统(大连海事大学出版社,2011) (郑华耀)",173,"断相保护:电动机任缺相运行时,会使电动机过热而损坏"
E09600,E42303,1,"船舶电气设备及系统(大连海事大学出版社,2011) (郑华耀)",176,"控制箱具有下列保护:失压保护,低速与中速级过载保护,高速挡过载保护,接触器$KM_{F}$与$KM_{B}$间及$KM_{1}$与$KM_{2}$间有互锁作为防止电源短路的保护,控制回路用熔断器作短路保护"
E29558,E42303,1,"船舶电气设备及系统(大连海事大学出版社,2011) (郑华耀)",176,"控制箱具有下列保护:失压保护,低速与中速级过载保护,高速挡过载保护,接触器$KM_{F}$与$KM_{B}$间及$KM_{1}$与$KM_{2}$间有互锁作为防止电源短路的保护,控制回路用熔断器作短路保护"
E29803,E42321,2,"船舶电气设备及系统(大连海事大学出版社,2011) (郑华耀)",196,在三种情况下备用泵将会自动切换起动:运行泵电动机过载、突然失电以及运行泵出口压力下降
E29807,E42323,1,"船舶电气设备及系统(大连海事大学出版社,2011) (郑华耀)",196,"第一种情况,运行泵电动机过载:热过载继电器51动作,其常闭触点(1、2-6)断开,运行泵的起动控制单元PLC接收到电动机过载信号,运行泵停止,备用泵自动起动"
E29907,E42326,1,"船舶电气设备及系统(大连海事大学出版社,2011) (郑华耀)",199,"净油出口压力正常时该开关断开,当分油机发生跑油等故障现象时该开关闭合,EPC-400型装置发出分油机故障报警并停止分油机工作"
E30193,E42348,1,"船舶电气设备及系统(大连海事大学出版社,2011) (郑华耀)",215,"根据使用的电源电压等级,将电源选择开关(SELECTSWITCH)转换到对应的位置,合上断路器(CIRCUITBREAKER)(G区),接通控制电源开关(U.SW)和电路保护器(CPI"
E30391,E42375,1,"船舶电气设备及系统(大连海事大学出版社,2011) (郑华耀)",223,G—主发电机;EG—应急发电机;M—电动机;ACB—空气断路器;MCB—装置式断路器
E30818,E42397,1,"船舶电气设备及系统(大连海事大学出版社,2011) (郑华耀)",238,"一旦主发电机开关跳闸,经应急发电机组的自动起动装置确认后,自动起动应急发电机组,并合闸向应急电网供电"
E06520,E42412,1,"船舶电气设备及系统(大连海事大学出版社,2011) (郑华耀)",243,"自动开关同样具有过载、短路和失压等保护功能,因此,当发电机功率较小时,也可用作发电机主开关"
E30977,E42423,1,"船舶电气设备及系统(大连海事大学出版社,2011) (郑华耀)",244,"但是逆功率保护功能必须保留在控制器中,一旦发生故障,不仅直接控制主断路器脱扣,而且输出报警信号给其他设备使用"
E05783,E42459,1,"船舶电气设备及系统(大连海事大学出版社,2011) (郑华耀)",251,"船舶低压同步发电机的电压,大多在$500\,V$以下,且有定期的绝缘检查和日常维护,发电机内部短路的概率相当小,故一般不考虑装设专门的发电机内部保护装置"
E31116,E42461,1,"船舶电气设备及系统(大连海事大学出版社,2011) (郑华耀)",251,"发电机的外部短路将产生巨大的短路电流,对电力系统设备有巨大的破坏作用,电网电压急剧下降,会使电动机停转,甚至发电机跳闸,引起全船失电"
E31120,E42465,2,"船舶电气设备及系统(大连海事大学出版社,2011) (郑华耀)",251,"短路短延时保护的起动电流整定为3~5倍的发电机额定电流,动作时限整定为0.2~0.6s,作用于发电机跳闸;短路瞬时保护的起动电流整定为5~10倍的发电机额定电流,瞬时动作于发电机跳闸"
E14127,E42471,1,"船舶电气设备及系统(大连海事大学出版社,2011) (郑华耀)",251,"其起因是发电机的容量不能满足负载的需要或并联运行的发电机组负载分配不均匀等造成的,发电机的长期过载,会使发电机过热,引起其绝缘损坏或老化,并会影响原动机的使用寿命"
E05783,E42478,1,"船舶电气设备及系统(大连海事大学出版社,2011) (郑华耀)",252,"发电机一旦发生过载现象,自动保护装置将次要负载逐级卸去,同时发出报警信号,如到了允许的时限,仍不能消除过载现象,保护装置则应动作,发出发电机过载跳闸的指令"
E10618,E42480,1,"船舶电气设备及系统(大连海事大学出版社,2011) (郑华耀)",252,"发电机一旦发生过载现象,自动保护装置将次要负载逐级卸去,同时发出报警信号,如到了允许的时限,仍不能消除过载现象,保护装置则应动作,发出发电机过载跳闸的指令"
E31238,E42510,2,"船舶电气设备及系统(大连海事大学出版社,2011) (郑华耀)",255,"组)中压接线端的供电、2个汇流排连接断路器的控制,以及50Hz/60Hz货物负载中压电源供电的控制"
E31287,E42516,1,"船舶电气设备及系统(大连海事大学出版社,2011) (郑华耀)",256,"以上各种运行模式的设置是在控制屏上通过人工操作PMA71液晶显示单元的键盘(或者在驾驶台的IMAC55型集中监测控制系统的显示界面上,使用鼠标或轨迹球输入命令,通过光纤网络),实现断路器分合闸的控制"
E31290,E42519,1,"船舶电气设备及系统(大连海事大学出版社,2011) (郑华耀)",256,"当断路器两侧都有电源时,断路器的合闸命令,将先由PMA71系统的PLC单元发出同步并联指令到PMA71系统中的GENOP71发电机保护/并车智能单元,经后者判断同步并车的条件之后,再由GENOP71单元向断路器发出合闸控制信号"
E31293,E42520,1,"船舶电气设备及系统(大连海事大学出版社,2011) (郑华耀)",257,设备名称船舶航行模式航行模式装载50Hz货物的模式机动操纵模式动态定位模式1动态定位模式2港内停泊模式1(不需要50Hz中压货物电源)港内停泊模式2(需要50Hz中压货物电源)应急工况港内停泊模式3(功率回馈模式)No.1主柴油发电机组接通接通接通-1)接通接通-接通2)--No.2主柴油发电机组接通接通接通接通接通接通--2)--No.3主柴油发电机组接通接通接通接通接通接通--2)--中压汇流
E31294,E42521,1,"船舶电气设备及系统(大连海事大学出版社,2011) (郑华耀)",257,设备名称船舶航行模式航行模式装载50Hz货物的模式机动操纵模式动态定位模式1动态定位模式2港内停泊模式1(不需要50Hz中压货物电源)港内停泊模式2(需要50Hz中压货物电源)应急工况港内停泊模式3(功率回馈模式)No.1主柴油发电机组接通接通接通-1)接通接通-接通2)--No.2主柴油发电机组接通接通接通接通接通接通--2)--No.3主柴油发电机组接通接通接通接通接通接通--2)--中压汇流
E31295,E42522,1,"船舶电气设备及系统(大连海事大学出版社,2011) (郑华耀)",257,设备名称船舶航行模式航行模式装载50Hz货物的模式机动操纵模式动态定位模式1动态定位模式2港内停泊模式1(不需要50Hz中压货物电源)港内停泊模式2(需要50Hz中压货物电源)应急工况港内停泊模式3(功率回馈模式)No.1主柴油发电机组接通接通接通-1)接通接通-接通2)--No.2主柴油发电机组接通接通接通接通接通接通--2)--No.3主柴油发电机组接通接通接通接通接通接通--2)--中压汇流
E31308,E42524,1,"船舶电气设备及系统(大连海事大学出版社,2011) (郑华耀)",257,"不同于船舶常见的低压电力系统,由于断路器的断开点在外部是看不见的,中压电力系统为了保证在维修时操作人员的人身安全,系统在中压主发电机断路器与中压汇流排连接点之间、在中压汇流排连接断路器的两端、在旋转变流器的断路器与中压汇流排连接点之间,都串"
E31335,E42534,1,"船舶电气设备及系统(大连海事大学出版社,2011) (郑华耀)",258,"发电机(或负荷设备)与配电盘之间,以及配电盘的不同区域之间,通常采用断路器进行连接,实际应用的断路器有多种类型"
E31340,E42539,1,"船舶电气设备及系统(大连海事大学出版社,2011) (郑华耀)",258,这两种断路器的设计特点使其能够非常紧凑、非常可靠地应用于中压系统
E31384,E42550,1,"船舶电气设备及系统(大连海事大学出版社,2011) (郑华耀)",260,"图中DG表示柴油发电机组,Q(从$Q_{1}$到$Q_{16}$)为中、高压真空断路器,图示供电电压为6600V,发电机通过真空断路器$Q_{1}\simQ_{4}$分别将电送到两段母排HSBA和HSBB;该两段母排可通过$Q_{5}$和$Q_{6}$连接在一起,可通过真空断路器$Q_{11}\simQ_{16}$向负载供电"
E31385,E42551,1,"船舶电气设备及系统(大连海事大学出版社,2011) (郑华耀)",260,"图中DG表示柴油发电机组,Q(从$Q_{1}$到$Q_{16}$)为中、高压真空断路器,图示供电电压为6600V,发电机通过真空断路器$Q_{1}\simQ_{4}$分别将电送到两段母排HSBA和HSBB;该两段母排可通过$Q_{5}$和$Q_{6}$连接在一起,可通过真空断路器$Q_{11}\simQ_{16}$向负载供电"
E05784,E42572,1,"船舶电气设备及系统(大连海事大学出版社,2011) (郑华耀)",276,"这种自动并车系统除为输入信号(如电网电压和发电机电压)和输出信号(如整步调速信号和合闸信号)设置适当的接口电路外,均由软件完成所有功能,包括频差、压差、相位差信号的提取、计算,合闸时机的调整和等待,合闸成功后的调频和调载,合闸失败次数的计算,主开关故障的检测和保"
E05783,E42590,1,"船舶电气设备及系统(大连海事大学出版社,2011) (郑华耀)",307,该装置具有一级定时限卸载保护、二级定时限卸载保护、发电机过载反时限跳闸保护及发电机欠压定时限跳闸保护的功能
E32446,E42624,1,"船舶电气设备及系统(大连海事大学出版社,2011) (郑华耀)",318,图16−6是西门子3WN6型框架式空气断路器ACB与发电机并车单元GENOP71的硬件连接电路原理图
E32452,E42629,1,"船舶电气设备及系统(大连海事大学出版社,2011) (郑华耀)",319,"上述两个输出触点信号根据发电机并车与保护单元GENOP71的并车或保护指令,控制空气断路器合闸、断开"
E32525,E42634,1,"船舶电气设备及系统(大连海事大学出版社,2011) (郑华耀)",321,"当发生全船电网断电的情况时,可以直接按OP7上的“BREAK.ON”(断路器合闸)按钮,或者将该台发电机的运行模式切换到“自动”模式,都可以实现发电机断路器合闸"
E32529,E42635,4,"船舶电气设备及系统(大连海事大学出版社,2011) (郑华耀)",321,"OP7上将显示“延时停车”信息,PLC向GENOP71单元发出“减速”指令,使得该台机组的负荷减少到“发电机断路器最小功率”的限值"
E32530,E42636,1,"船舶电气设备及系统(大连海事大学出版社,2011) (郑华耀)",321,"当发电机组的负荷低于该限值时,PLC通过GENOP71单元断开发电机断路器"
E05783,E42638,1,"船舶电气设备及系统(大连海事大学出版社,2011) (郑华耀)",321,"1发生由紧急停车保护、发电机短路、逆功率引起的柴油机立即停车时,发电机的断路器会立即脱扣"
E32544,E42641,1,"船舶电气设备及系统(大连海事大学出版社,2011) (郑华耀)",322,"当发电机组的负荷低于该限值时,PLC通过GENOP71单元使得发电机断路器断开"
E11401,E42645,1,"船舶电气设备及系统(大连海事大学出版社,2011) (郑华耀)",323,"为此通常需要几个开关量(常开触点)输入信号,如“柴油机超速”故障信号、“滑油低压”故障信号、“冷却水高温”故障信号等"
E32628,E42677,1,"船舶电气设备及系统(大连海事大学出版社,2011) (郑华耀)",326,"对逆功率的检测是由GENOP71单元承担的,如果发电机的逆功率超出预设的限值,并且超出故障的延时时间,PMA71系统将断开发电机断路器,发出机组停机指令和阻塞指令,将该台机组切换到“遥控半自动”运行模式,并且起动备用机组"
E07351,E37327,1,船舶电气设备维修指南,115,1外加电源电压低于额定值;2电刷不在中性线上;3电枢绕组短路或接地
E07351,E37328,1,船舶电气设备维修指南,115,电枢绕组过热的根本原因是过流
E05783,E37331,1,船舶电气设备维修指南,115,"1长期过载;2电枢绕组短路或换向极线圈短路;3负载不变时,外加电压低于额定值;4发电机外部负载发生短路,造成电流过大;5电动机正、反起动过于频繁;6定、转子相摩擦,造成阻力矩增大等"
E06209,E37336,1,船舶电气设备维修指南,116,"序号故障现象可能原因处理方法1电扇不能起动(1)电源没有接通(2)定子绕组断路(3)短路环(罩极绕组)脱焊(4)电容器损坏(1)检查电源线路(2)找出断路处,如系引线部分折断,应重新焊接好;如槽内断线,应拆换绕组(3)重新焊接牢固(4)更换同规格的电容器,若无相同容量的电容器,也可采用接近的容量替换,但容量不能过小或过大(5)更换轴承(6)取出异物,刮去毛刺,清洗加油(5)轴承损坏(6)含油轴承内"
E06209,E42748,1,"船舶电气设备及系统(大连海事大学出版社,2011) (郑华耀)",354,"故障现象可能原因处理方法不能起动1.三相电源未接通2.控制线路有故障3.定子绕组相间短路、接地以及定、转子绕组断路4.定子绕组接线错误5.负载过重6.轴承损坏或有异物卡住检查供电部分,排除故障检查控制线路查找断路、短路、接地的部位,进行修复检查定子绕组接线,加以纠正减轻负载更换轴承或清除异物起动后无力、转速较低,同时电流表指针来回摆动1.电源电压过低2.定子绕组短路3.定子绕组接线错误4.笼型转子"
E07412,E42749,1,"船舶电气设备及系统(大连海事大学出版社,2011) (郑华耀)",354,"故障现象可能原因处理方法不能起动1.三相电源未接通2.控制线路有故障3.定子绕组相间短路、接地以及定、转子绕组断路4.定子绕组接线错误5.负载过重6.轴承损坏或有异物卡住检查供电部分,排除故障检查控制线路查找断路、短路、接地的部位,进行修复检查定子绕组接线,加以纠正减轻负载更换轴承或清除异物起动后无力、转速较低,同时电流表指针来回摆动1.电源电压过低2.定子绕组短路3.定子绕组接线错误4.笼型转子"
E06209,E42751,1,"船舶电气设备及系统(大连海事大学出版社,2011) (郑华耀)",354,"故障现象可能原因处理方法不能起动1.三相电源未接通2.控制线路有故障3.定子绕组相间短路、接地以及定、转子绕组断路4.定子绕组接线错误5.负载过重6.轴承损坏或有异物卡住检查供电部分,排除故障检查控制线路查找断路、短路、接地的部位,进行修复检查定子绕组接线,加以纠正减轻负载更换轴承或清除异物起动后无力、转速较低,同时电流表指针来回摆动1.电源电压过低2.定子绕组短路3.定子绕组接线错误4.笼型转子"
E33073,E42753,1,"船舶电气设备及系统(大连海事大学出版社,2011) (郑华耀)",354,"故障现象可能原因处理方法不能起动1.三相电源未接通2.控制线路有故障3.定子绕组相间短路、接地以及定、转子绕组断路4.定子绕组接线错误5.负载过重6.轴承损坏或有异物卡住检查供电部分,排除故障检查控制线路查找断路、短路、接地的部位,进行修复检查定子绕组接线,加以纠正减轻负载更换轴承或清除异物起动后无力、转速较低,同时电流表指针来回摆动1.电源电压过低2.定子绕组短路3.定子绕组接线错误4.笼型转子"
E07364,E37339,1,船舶电气设备维修指南,116,"序号故障现象可能原因处理方法1电扇不能起动(1)电源没有接通(2)定子绕组断路(3)短路环(罩极绕组)脱焊(4)电容器损坏(1)检查电源线路(2)找出断路处,如系引线部分折断,应重新焊接好;如槽内断线,应拆换绕组(3)重新焊接牢固(4)更换同规格的电容器,若无相同容量的电容器,也可采用接近的容量替换,但容量不能过小或过大(5)更换轴承(6)取出异物,刮去毛刺,清洗加油(5)轴承损坏(6)含油轴承内"
E06209,E42756,1,"船舶电气设备及系统(大连海事大学出版社,2011) (郑华耀)",354,"故障现象可能原因处理方法不能起动1.三相电源未接通2.控制线路有故障3.定子绕组相间短路、接地以及定、转子绕组断路4.定子绕组接线错误5.负载过重6.轴承损坏或有异物卡住检查供电部分,排除故障检查控制线路查找断路、短路、接地的部位,进行修复检查定子绕组接线,加以纠正减轻负载更换轴承或清除异物起动后无力、转速较低,同时电流表指针来回摆动1.电源电压过低2.定子绕组短路3.定子绕组接线错误4.笼型转子"
E05783,E42787,1,"船舶电气设备及系统(大连海事大学出版社,2011) (郑华耀)",368,"1发电机组的额定负载试验,发电机组额定过载试验,发电机组的开联运行试验,检查发电机组火花、温度、调速范围、电压调节范围等情况,检查其有功功率和无功功率的分配情况等,测试发电机组的静态调压特性"
E33831,E42821,1,"船舶电气设备调试与维护 (杜杨主编, 杜杨主编, 杜杨)",54,"所以,从系统对发电机过载保护的要求方面看,发电机过载保护必须具有一定的时限"
E05783,E42822,1,"船舶电气设备调试与维护 (杜杨主编, 杜杨主编, 杜杨)",54,"所以,从系统对发电机过载保护的要求方面看,发电机过载保护必须具有一定的时限"
E34070,E42861,1,"船舶电气设备调试与维护 (杜杨主编, 杜杨主编, 杜杨)",66,"通常母线联络开关不带负荷操作,因此采用隔离开关;当有带负荷操作要求时,须采用断路器"
E34118,E42864,1,"船舶电气设备调试与维护 (杜杨主编, 杜杨主编, 杜杨)",68,"近年来,主开关空气断路器常采用抽屉式,于是有的配电板干脆把屏后做成封闭形式,完全靠正面维修保养"
E06534,E42930,2,"船舶电气设备调试与维护 (杜杨主编, 杜杨主编, 杜杨)",95,"b.熔断器烧坏,控制电路无电源"
E08277,E42931,2,"船舶电气设备调试与维护 (杜杨主编, 杜杨主编, 杜杨)",95,d.主令控制器失控(主令控制器的LK1无法正常接通
E28973,E42940,1,"船舶电气设备调试与维护 (杜杨主编, 杜杨主编, 杜杨)",97,"1要求电动机过载能力好,启动力矩足够大"
E08438,E42277,1,"船舶电气设备调试与维护 (杜杨主编, 杜杨主编, 杜杨)",103,3风机电动机过载、短路保护分别由热继电器FR1、熔断器FR1~FR3实现
E25686,E42987,1,"船舶电气设备调试与维护 (杜杨主编, 杜杨主编, 杜杨)",123,"除外部泄漏外,可能是安全阀、旁通阀等关闭不严,或双作用液压缸、转叶液压缸内部密封损坏,或备用泵油路锁闭不严,主油路换向阀内部泄漏严重等"
E35210,E42988,1,"船舶电气设备调试与维护 (杜杨主编, 杜杨主编, 杜杨)",123,"除外部泄漏外,可能是安全阀、旁通阀等关闭不严,或双作用液压缸、转叶液压缸内部密封损坏,或备用泵油路锁闭不严,主油路换向阀内部泄漏严重等"
E20854,E43015,1,"船舶电气设备调试与维护 (杜杨主编, 杜杨主编, 杜杨)",127,"1故障原因吸水阻力大;吸水高度过高;吸气管漏气;流量过大,发生气蚀"
E06913,E43018,1,"船舶电气设备调试与维护 (杜杨主编, 杜杨主编, 杜杨)",127,电机绕组短路或负载过重
E11985,E43022,1,"船舶电气设备调试与维护 (杜杨主编, 杜杨主编, 杜杨)",128,"交流接触器衔铁上短路环断开或脱落,铁芯面贴合不紧而振动;机械连接部分有松动现象"
E35536,E43040,1,"船舶电气设备调试与维护 (杜杨主编, 杜杨主编, 杜杨)",136,b.可能原因:空压机电机绕组短路或负载过重
E11985,E43041,1,"船舶电气设备调试与维护 (杜杨主编, 杜杨主编, 杜杨)",136,d.可能原因:交流接触器线圈烧坏或主触点接触不良
E09753,E43051,1,"船舶电气设备调试与维护 (杜杨主编, 杜杨主编, 杜杨)",141,"风机在运行过程中发现风机有异常声响、电机严重发热、外壳带电、断路器跳闸、不能启动等现象,应立即停机检查"
E05794,E43147,1,"船舶电气设备调试与维护 (杜杨主编, 杜杨主编, 杜杨)",214,电动机保护一般有短路保护、过载保护和失压保护
E07412,E37363,1,船舶电气设备维修指南,117,"序号故障现象可能原因处理方法1电钻不能起动(1)电源无电压或电源线路不通(2)手按式开关接触不良或损坏(3)电刷和换向器接触不良(1)检查电源线路(2)检修或更换开关(3)如电刷磨损应更换电刷;如弹簧压力不够应调整弹簧压力,如电刷钢丝辫松脱应修复或更换电刷;如换向器表面不平及不清洁应清除干净并车圆换向器(4)将电刷座拆下,根据原有的绝缘材料、形状、尺寸、重新制作一个换上(5)在分别检查电枢绕组、定"
E07434,E37375,1,船舶电气设备维修指南,118,"必要时更换(5)电容器损坏(5)更换同规格电容器(6)电动机绕组断开或损坏(6)检修故障,如绕组断点在外部,可重新接好,否则应更换损坏绕组(7)波轮底部间隙被堵住(7)清除堵物(8)洗涤衣物超量过多或缠绕波轮(8)减少衣物或去除缠绕衣物(9)传动轮损坏或脱落(9)固定销钉或更换传动轮(10)传动皮带过松打滑或脱落(10)调紧皮带或更换新皮带(11)电动机主轴卡死(11)检查主轴,修复并加润滑油2波"
E07441,E37376,1,船舶电气设备维修指南,118,"必要时更换(5)电容器损坏(5)更换同规格电容器(6)电动机绕组断开或损坏(6)检修故障,如绕组断点在外部,可重新接好,否则应更换损坏绕组(7)波轮底部间隙被堵住(7)清除堵物(8)洗涤衣物超量过多或缠绕波轮(8)减少衣物或去除缠绕衣物(9)传动轮损坏或脱落(9)固定销钉或更换传动轮(10)传动皮带过松打滑或脱落(10)调紧皮带或更换新皮带(11)电动机主轴卡死(11)检查主轴,修复并加润滑油2波"
E07484,E37393,1,船舶电气设备维修指南,120,"序号故障现象可能原因处理方法1通电后电动机不起动,且无响声(1)电源熔丝烧断(2)电源插头插座接触不良或内部断线(3)电源电压偏低,低于额定电压的15%(1)查明原因后更换熔丝(2)检查修复,必要时更换(4)起动继电器线圈损坏或触头接触不良(5)温度控制器断或在“停点”位置(6)热继电器没有复位或热元件断路(7)电动机绕组损坏(8)电动机引线断路(9)化霜器损坏(10)误操作按下化霜按钮(11)电"
E05794,E37395,1,船舶电气设备维修指南,120,"序号故障现象可能原因处理方法1通电后电动机不起动,且无响声(1)电源熔丝烧断(2)电源插头插座接触不良或内部断线(3)电源电压偏低,低于额定电压的15%(1)查明原因后更换熔丝(2)检查修复,必要时更换(4)起动继电器线圈损坏或触头接触不良(5)温度控制器断或在“停点”位置(6)热继电器没有复位或热元件断路(7)电动机绕组损坏(8)电动机引线断路(9)化霜器损坏(10)误操作按下化霜按钮(11)电"
E07434,E37395,1,船舶电气设备维修指南,120,"序号故障现象可能原因处理方法1通电后电动机不起动,且无响声(1)电源熔丝烧断(2)电源插头插座接触不良或内部断线(3)电源电压偏低,低于额定电压的15%(1)查明原因后更换熔丝(2)检查修复,必要时更换(4)起动继电器线圈损坏或触头接触不良(5)温度控制器断或在“停点”位置(6)热继电器没有复位或热元件断路(7)电动机绕组损坏(8)电动机引线断路(9)化霜器损坏(10)误操作按下化霜按钮(11)电"
E05794,E37396,1,船舶电气设备维修指南,120,"序号故障现象可能原因处理方法1通电后电动机不起动,且无响声(1)电源熔丝烧断(2)电源插头插座接触不良或内部断线(3)电源电压偏低,低于额定电压的15%(1)查明原因后更换熔丝(2)检查修复,必要时更换(4)起动继电器线圈损坏或触头接触不良(5)温度控制器断或在“停点”位置(6)热继电器没有复位或热元件断路(7)电动机绕组损坏(8)电动机引线断路(9)化霜器损坏(10)误操作按下化霜按钮(11)电"
E05794,E37398,1,船舶电气设备维修指南,120,"序号故障现象可能原因处理方法1通电后电动机不起动,且无响声(1)电源熔丝烧断(2)电源插头插座接触不良或内部断线(3)电源电压偏低,低于额定电压的15%(1)查明原因后更换熔丝(2)检查修复,必要时更换(4)起动继电器线圈损坏或触头接触不良(5)温度控制器断或在“停点”位置(6)热继电器没有复位或热元件断路(7)电动机绕组损坏(8)电动机引线断路(9)化霜器损坏(10)误操作按下化霜按钮(11)电"
E05794,E37400,1,船舶电气设备维修指南,120,"序号故障现象可能原因处理方法1通电后电动机不起动,且无响声(1)电源熔丝烧断(2)电源插头插座接触不良或内部断线(3)电源电压偏低,低于额定电压的15%(1)查明原因后更换熔丝(2)检查修复,必要时更换(4)起动继电器线圈损坏或触头接触不良(5)温度控制器断或在“停点”位置(6)热继电器没有复位或热元件断路(7)电动机绕组损坏(8)电动机引线断路(9)化霜器损坏(10)误操作按下化霜按钮(11)电"
E07434,E37400,1,船舶电气设备维修指南,120,"序号故障现象可能原因处理方法1通电后电动机不起动,且无响声(1)电源熔丝烧断(2)电源插头插座接触不良或内部断线(3)电源电压偏低,低于额定电压的15%(1)查明原因后更换熔丝(2)检查修复,必要时更换(4)起动继电器线圈损坏或触头接触不良(5)温度控制器断或在“停点”位置(6)热继电器没有复位或热元件断路(7)电动机绕组损坏(8)电动机引线断路(9)化霜器损坏(10)误操作按下化霜按钮(11)电"
E07489,E37400,1,船舶电气设备维修指南,120,"序号故障现象可能原因处理方法1通电后电动机不起动,且无响声(1)电源熔丝烧断(2)电源插头插座接触不良或内部断线(3)电源电压偏低,低于额定电压的15%(1)查明原因后更换熔丝(2)检查修复,必要时更换(4)起动继电器线圈损坏或触头接触不良(5)温度控制器断或在“停点”位置(6)热继电器没有复位或热元件断路(7)电动机绕组损坏(8)电动机引线断路(9)化霜器损坏(10)误操作按下化霜按钮(11)电"
E06519,E37402,1,船舶电气设备维修指南,120,"序号故障现象可能原因处理方法1通电后电动机不起动,且无响声(1)电源熔丝烧断(2)电源插头插座接触不良或内部断线(3)电源电压偏低,低于额定电压的15%(1)查明原因后更换熔丝(2)检查修复,必要时更换(4)起动继电器线圈损坏或触头接触不良(5)温度控制器断或在“停点”位置(6)热继电器没有复位或热元件断路(7)电动机绕组损坏(8)电动机引线断路(9)化霜器损坏(10)误操作按下化霜按钮(11)电"
E05794,E37410,1,船舶电气设备维修指南,121,"螺钉旋转一周大约变化4°C温差,可在6-15°C温差范围内进行调整2感温管加塑料套管或与蒸发器接触表面之间加上塑料垫片,以增加热阻3更换温度控制器(2)稳温点选择不合适特性相匹配(3)开机时间过短时可适当放松感温管卡,停机时间过短时则应装紧感温管(4)缩短感温管长度可适当延长开机时间(5)修补门缝隙或更换磁性门封条(6)更换良好保温层材料(7)修复或更换(8)检修或更换触头5电动机起动、运行中突然"
E07434,E37410,1,船舶电气设备维修指南,121,"螺钉旋转一周大约变化4°C温差,可在6-15°C温差范围内进行调整2感温管加塑料套管或与蒸发器接触表面之间加上塑料垫片,以增加热阻3更换温度控制器(2)稳温点选择不合适特性相匹配(3)开机时间过短时可适当放松感温管卡,停机时间过短时则应装紧感温管(4)缩短感温管长度可适当延长开机时间(5)修补门缝隙或更换磁性门封条(6)更换良好保温层材料(7)修复或更换(8)检修或更换触头5电动机起动、运行中突然"
E05794,E37414,1,船舶电气设备维修指南,122,"序号故障现象可能原因处理方法6电动机及箱体漏电(1)电动机绕组绝缘损坏(2)温度控制器绝缘损坏或性能降低(3)电气控制线路绝缘损坏(4)感应漏电或无可靠的接地线或接地线断开(1)检修、重绕或更换压缩机(2)更换温度控制器(3)检查故障点,加强绝缘,必要时更换(4)接好地线7照明灯长亮或不亮(1)灯开关损坏(2)灯座接触不良、生锈,灯泡烧坏,电路断线或松动(1)检修灯开或更换(2)检修线路,更换灯座"
E07434,E37414,1,船舶电气设备维修指南,122,"序号故障现象可能原因处理方法6电动机及箱体漏电(1)电动机绕组绝缘损坏(2)温度控制器绝缘损坏或性能降低(3)电气控制线路绝缘损坏(4)感应漏电或无可靠的接地线或接地线断开(1)检修、重绕或更换压缩机(2)更换温度控制器(3)检查故障点,加强绝缘,必要时更换(4)接好地线7照明灯长亮或不亮(1)灯开关损坏(2)灯座接触不良、生锈,灯泡烧坏,电路断线或松动(1)检修灯开或更换(2)检修线路,更换灯座"
E07485,E37415,1,船舶电气设备维修指南,122,"序号故障现象可能原因处理方法6电动机及箱体漏电(1)电动机绕组绝缘损坏(2)温度控制器绝缘损坏或性能降低(3)电气控制线路绝缘损坏(4)感应漏电或无可靠的接地线或接地线断开(1)检修、重绕或更换压缩机(2)更换温度控制器(3)检查故障点,加强绝缘,必要时更换(4)接好地线7照明灯长亮或不亮(1)灯开关损坏(2)灯座接触不良、生锈,灯泡烧坏,电路断线或松动(1)检修灯开或更换(2)检修线路,更换灯座"
E05739,E37416,1,船舶电气设备维修指南,122,"序号故障现象可能原因处理方法6电动机及箱体漏电(1)电动机绕组绝缘损坏(2)温度控制器绝缘损坏或性能降低(3)电气控制线路绝缘损坏(4)感应漏电或无可靠的接地线或接地线断开(1)检修、重绕或更换压缩机(2)更换温度控制器(3)检查故障点,加强绝缘,必要时更换(4)接好地线7照明灯长亮或不亮(1)灯开关损坏(2)灯座接触不良、生锈,灯泡烧坏,电路断线或松动(1)检修灯开或更换(2)检修线路,更换灯座"
E07517,E37418,1,船舶电气设备维修指南,122,"序号故障现象可能原因处理方法6电动机及箱体漏电(1)电动机绕组绝缘损坏(2)温度控制器绝缘损坏或性能降低(3)电气控制线路绝缘损坏(4)感应漏电或无可靠的接地线或接地线断开(1)检修、重绕或更换压缩机(2)更换温度控制器(3)检查故障点,加强绝缘,必要时更换(4)接好地线7照明灯长亮或不亮(1)灯开关损坏(2)灯座接触不良、生锈,灯泡烧坏,电路断线或松动(1)检修灯开或更换(2)检修线路,更换灯座"
E07559,E37433,2,船舶电气设备维修指南,123,"变压器绕组断路:一般船用照明变压器绕组的导线较粗,不易发生断路"
E07559,E37435,2,船舶电气设备维修指南,123,"变压器绕组短路:绕组匝间短路常见,产生的原因多为导线局部受力使绝缘强度减弱,在电磁力和发热作用下逐渐发展而成"
E07698,E37487,1,船舶电气设备维修指南,129,某些转换开关损坏或接触不良
E07693,E37493,1,船舶电气设备维修指南,130,"检查前应确认电源电压正常,电源开关没有断路或接触不良的现象"
E05794,E37533,2,船舶电气设备维修指南,134,"常见的故障可分为电机本身故障和控制系统故障两大类,电动机故障按第五章有关章节处理,此处不重复讨论,这里主要讨论控制系统的故障"
E07952,E37570,1,船舶电气设备维修指南,140,"除了以上故障外,还有压力继电器失灵、不能报警等故障,可以用同样的方法来分析找到故障点,排除故障"
E08386,E37645,1,船舶电气设备维修指南,161,"但是,负载继电器失灵是造成重载超速运行的主要原因,若不及时发现,调整修复,就会发生电动机过热现象,久而久之或有其他故障就可能烧毁电动机"
E06519,E37652,1,船舶电气设备维修指南,161,"若5SJ继电器失效,也会发生低速绕组堵转"
E05794,E37647,1,船舶电气设备维修指南,161,"可见,电动机过热时,应检查制动接触器ZDC,电磁制动器ZDQ以及放电电阻"
E08381,E37686,1,船舶电气设备维修指南,163,"制动继电器失效,使制动器线圈得不到电,就不能释放,发生堵转"
E06557,E37707,1,船舶电气设备维修指南,166,"这种故障主要是由C13接触器故障或C13线圈回路断路所造成,应检查接触器C13本身是否故障,其线圈回路C14、C15的常闭触点是否闭合良好"
E08512,E37722,7,船舶电气设备维修指南,168,"空气断路器GK合上,按下起动箱上的起动按钮1QA,使接触器XC有电,主触头闭合异步电动机起动运行,同时风机接触器fC有电,风机运转"
E08609,E37757,1,船舶电气设备维修指南,174,"起吊超重大件时,上升正常,而下降时,吊货电动机飞车"
E08848,E37796,1,船舶电气设备维修指南,183,"电动机堵转必须符合要求,若堵转严重,会使电动机运行时过热"
E08893,E37800,1,船舶电气设备维修指南,186,"从控制线路上看,电动机可以在中速直接起动,起动电流较大,多次起动后,常会发生电动机过热现象"
E06913,E37923,1,船舶电气设备维修指南,223,"当压缩机电动机的保护联锁通时(即高、低压正常63CH、63CL闭合,电机绕组没有发生过热,49H保护开关闭合,过载保护热继电器没有动作),使4/2中间继电器有电,为起动压缩机做好准备"
E09751,E37933,1,船舶电气设备维修指南,226,"插好电源插头,合上$52C1$主电源空气断路器和$52C2$控制电源空气断路器,把制冷装"
E09752,E37934,1,船舶电气设备维修指南,226,"插好电源插头,合上$52C1$主电源空气断路器和$52C2$控制电源空气断路器,把制冷装"
E09778,E37935,1,船舶电气设备维修指南,226,"由于箱内高温,电子温度控制器23A1的10.11导通,使得供液电磁阀20s有电,阀开启,压缩机的低压开关63HL闭合,没有发生电动机过载,51C闭合,油压开关63QL闭合,使得88C压缩机的接触器有电,常开主触头闭合,压缩机、冷凝器风机运转,开始制冷"
E09829,E37943,2,船舶电气设备维修指南,228,"当插好电源插头,合上空气断路器32A和控制电源开关U.SW给控制系统提供电源,这时,荧光显示器就是当前箱内温度"
E09875,E37969,1,船舶电气设备维修指南,231,代码故障描述代码故障描述101与电脑中央处理器的通信发生异常336**右压缩机排气温度传感器短路102数模转换器发生异常337左压缩机排气温度传感器断路103电脑中央处理器的执行程序异常338左压缩机排气温度传感器短路104显示器存储器异常340相位接触器次端电压传感器异常106数据静态存储器异常350主断路器次端电流传感器异常107主程序静态存储器异常351主断路器次端电流传感器检测异常108相
E09875,E37970,1,船舶电气设备维修指南,231,代码故障描述代码故障描述101与电脑中央处理器的通信发生异常336**右压缩机排气温度传感器短路102数模转换器发生异常337左压缩机排气温度传感器断路103电脑中央处理器的执行程序异常338左压缩机排气温度传感器短路104显示器存储器异常340相位接触器次端电压传感器异常106数据静态存储器异常350主断路器次端电流传感器异常107主程序静态存储器异常351主断路器次端电流传感器检测异常108相
E09876,E37973,1,船舶电气设备维修指南,231,代码故障描述代码故障描述101与电脑中央处理器的通信发生异常336**右压缩机排气温度传感器短路102数模转换器发生异常337左压缩机排气温度传感器断路103电脑中央处理器的执行程序异常338左压缩机排气温度传感器短路104显示器存储器异常340相位接触器次端电压传感器异常106数据静态存储器异常350主断路器次端电流传感器异常107主程序静态存储器异常351主断路器次端电流传感器检测异常108相
E09876,E37975,1,船舶电气设备维修指南,231,代码故障描述代码故障描述101与电脑中央处理器的通信发生异常336**右压缩机排气温度传感器短路102数模转换器发生异常337左压缩机排气温度传感器断路103电脑中央处理器的执行程序异常338左压缩机排气温度传感器短路104显示器存储器异常340相位接触器次端电压传感器异常106数据静态存储器异常350主断路器次端电流传感器异常107主程序静态存储器异常351主断路器次端电流传感器检测异常108相
E09759,E37978,1,船舶电气设备维修指南,231,代码故障描述代码故障描述101与电脑中央处理器的通信发生异常336**右压缩机排气温度传感器短路102数模转换器发生异常337左压缩机排气温度传感器断路103电脑中央处理器的执行程序异常338左压缩机排气温度传感器短路104显示器存储器异常340相位接触器次端电压传感器异常106数据静态存储器异常350主断路器次端电流传感器异常107主程序静态存储器异常351主断路器次端电流传感器检测异常108相
E09879,E37981,1,船舶电气设备维修指南,231,代码故障描述代码故障描述101与电脑中央处理器的通信发生异常336**右压缩机排气温度传感器短路102数模转换器发生异常337左压缩机排气温度传感器断路103电脑中央处理器的执行程序异常338左压缩机排气温度传感器短路104显示器存储器异常340相位接触器次端电压传感器异常106数据静态存储器异常350主断路器次端电流传感器异常107主程序静态存储器异常351主断路器次端电流传感器检测异常108相
E09881,E37982,1,船舶电气设备维修指南,231,代码故障描述代码故障描述101与电脑中央处理器的通信发生异常336**右压缩机排气温度传感器短路102数模转换器发生异常337左压缩机排气温度传感器断路103电脑中央处理器的执行程序异常338左压缩机排气温度传感器短路104显示器存储器异常340相位接触器次端电压传感器异常106数据静态存储器异常350主断路器次端电流传感器异常107主程序静态存储器异常351主断路器次端电流传感器检测异常108相
E09881,E37984,1,船舶电气设备维修指南,231,代码故障描述代码故障描述101与电脑中央处理器的通信发生异常336**右压缩机排气温度传感器短路102数模转换器发生异常337左压缩机排气温度传感器断路103电脑中央处理器的执行程序异常338左压缩机排气温度传感器短路104显示器存储器异常340相位接触器次端电压传感器异常106数据静态存储器异常350主断路器次端电流传感器异常107主程序静态存储器异常351主断路器次端电流传感器检测异常108相
E09882,E37985,1,船舶电气设备维修指南,231,代码故障描述代码故障描述101与电脑中央处理器的通信发生异常336**右压缩机排气温度传感器短路102数模转换器发生异常337左压缩机排气温度传感器断路103电脑中央处理器的执行程序异常338左压缩机排气温度传感器短路104显示器存储器异常340相位接触器次端电压传感器异常106数据静态存储器异常350主断路器次端电流传感器异常107主程序静态存储器异常351主断路器次端电流传感器检测异常108相
E09884,E37986,1,船舶电气设备维修指南,231,代码故障描述代码故障描述101与电脑中央处理器的通信发生异常336**右压缩机排气温度传感器短路102数模转换器发生异常337左压缩机排气温度传感器断路103电脑中央处理器的执行程序异常338左压缩机排气温度传感器短路104显示器存储器异常340相位接触器次端电压传感器异常106数据静态存储器异常350主断路器次端电流传感器异常107主程序静态存储器异常351主断路器次端电流传感器检测异常108相
E09884,E37988,1,船舶电气设备维修指南,231,代码故障描述代码故障描述101与电脑中央处理器的通信发生异常336**右压缩机排气温度传感器短路102数模转换器发生异常337左压缩机排气温度传感器断路103电脑中央处理器的执行程序异常338左压缩机排气温度传感器短路104显示器存储器异常340相位接触器次端电压传感器异常106数据静态存储器异常350主断路器次端电流传感器异常107主程序静态存储器异常351主断路器次端电流传感器检测异常108相
E09882,E37989,1,船舶电气设备维修指南,231,代码故障描述代码故障描述101与电脑中央处理器的通信发生异常336**右压缩机排气温度传感器短路102数模转换器发生异常337左压缩机排气温度传感器断路103电脑中央处理器的执行程序异常338左压缩机排气温度传感器短路104显示器存储器异常340相位接触器次端电压传感器异常106数据静态存储器异常350主断路器次端电流传感器异常107主程序静态存储器异常351主断路器次端电流传感器检测异常108相
E09885,E37991,1,船舶电气设备维修指南,231,代码故障描述代码故障描述101与电脑中央处理器的通信发生异常336**右压缩机排气温度传感器短路102数模转换器发生异常337左压缩机排气温度传感器断路103电脑中央处理器的执行程序异常338左压缩机排气温度传感器短路104显示器存储器异常340相位接触器次端电压传感器异常106数据静态存储器异常350主断路器次端电流传感器异常107主程序静态存储器异常351主断路器次端电流传感器检测异常108相
E09885,E37992,1,船舶电气设备维修指南,231,代码故障描述代码故障描述101与电脑中央处理器的通信发生异常336**右压缩机排气温度传感器短路102数模转换器发生异常337左压缩机排气温度传感器断路103电脑中央处理器的执行程序异常338左压缩机排气温度传感器短路104显示器存储器异常340相位接触器次端电压传感器异常106数据静态存储器异常350主断路器次端电流传感器异常107主程序静态存储器异常351主断路器次端电流传感器检测异常108相
E09886,E37994,1,船舶电气设备维修指南,231,代码故障描述代码故障描述101与电脑中央处理器的通信发生异常336**右压缩机排气温度传感器短路102数模转换器发生异常337左压缩机排气温度传感器断路103电脑中央处理器的执行程序异常338左压缩机排气温度传感器短路104显示器存储器异常340相位接触器次端电压传感器异常106数据静态存储器异常350主断路器次端电流传感器异常107主程序静态存储器异常351主断路器次端电流传感器检测异常108相
E09886,E37996,1,船舶电气设备维修指南,231,代码故障描述代码故障描述101与电脑中央处理器的通信发生异常336**右压缩机排气温度传感器短路102数模转换器发生异常337左压缩机排气温度传感器断路103电脑中央处理器的执行程序异常338左压缩机排气温度传感器短路104显示器存储器异常340相位接触器次端电压传感器异常106数据静态存储器异常350主断路器次端电流传感器异常107主程序静态存储器异常351主断路器次端电流传感器检测异常108相
E09940,E38026,1,船舶电气设备维修指南,234,报警代码故障报警代码故障AL20控制电路保险丝断路(24V)AL55次级送风温度传感器失灵AL21电脑控制器保险丝断路(18V)AL56初级回风温度传感器失灵AL22蒸发器风机电动机内保护动作AL57环境温度传感器失灵AL23变压器内自动保护动作AL58压缩机高压限位安全开关动作AL24压缩机电动机内保护动作AL59加热终止温控器失灵AL25冷凝器风机电动机内保护动作AL60化霜终止温控器失灵AL
E09941,E38027,1,船舶电气设备维修指南,234,报警代码故障报警代码故障AL20控制电路保险丝断路(24V)AL55次级送风温度传感器失灵AL21电脑控制器保险丝断路(18V)AL56初级回风温度传感器失灵AL22蒸发器风机电动机内保护动作AL57环境温度传感器失灵AL23变压器内自动保护动作AL58压缩机高压限位安全开关动作AL24压缩机电动机内保护动作AL59加热终止温控器失灵AL25冷凝器风机电动机内保护动作AL60化霜终止温控器失灵AL
E09942,E38028,1,船舶电气设备维修指南,234,报警代码故障报警代码故障AL20控制电路保险丝断路(24V)AL55次级送风温度传感器失灵AL21电脑控制器保险丝断路(18V)AL56初级回风温度传感器失灵AL22蒸发器风机电动机内保护动作AL57环境温度传感器失灵AL23变压器内自动保护动作AL58压缩机高压限位安全开关动作AL24压缩机电动机内保护动作AL59加热终止温控器失灵AL25冷凝器风机电动机内保护动作AL60化霜终止温控器失灵AL
E09944,E38029,1,船舶电气设备维修指南,234,报警代码故障报警代码故障AL20控制电路保险丝断路(24V)AL55次级送风温度传感器失灵AL21电脑控制器保险丝断路(18V)AL56初级回风温度传感器失灵AL22蒸发器风机电动机内保护动作AL57环境温度传感器失灵AL23变压器内自动保护动作AL58压缩机高压限位安全开关动作AL24压缩机电动机内保护动作AL59加热终止温控器失灵AL25冷凝器风机电动机内保护动作AL60化霜终止温控器失灵AL
E09946,E38030,1,船舶电气设备维修指南,234,报警代码故障报警代码故障AL20控制电路保险丝断路(24V)AL55次级送风温度传感器失灵AL21电脑控制器保险丝断路(18V)AL56初级回风温度传感器失灵AL22蒸发器风机电动机内保护动作AL57环境温度传感器失灵AL23变压器内自动保护动作AL58压缩机高压限位安全开关动作AL24压缩机电动机内保护动作AL59加热终止温控器失灵AL25冷凝器风机电动机内保护动作AL60化霜终止温控器失灵AL
E09947,E38031,1,船舶电气设备维修指南,234,报警代码故障报警代码故障AL20控制电路保险丝断路(24V)AL55次级送风温度传感器失灵AL21电脑控制器保险丝断路(18V)AL56初级回风温度传感器失灵AL22蒸发器风机电动机内保护动作AL57环境温度传感器失灵AL23变压器内自动保护动作AL58压缩机高压限位安全开关动作AL24压缩机电动机内保护动作AL59加热终止温控器失灵AL25冷凝器风机电动机内保护动作AL60化霜终止温控器失灵AL
E09619,E38035,1,船舶电气设备维修指南,234,报警代码故障报警代码故障AL20控制电路保险丝断路(24V)AL55次级送风温度传感器失灵AL21电脑控制器保险丝断路(18V)AL56初级回风温度传感器失灵AL22蒸发器风机电动机内保护动作AL57环境温度传感器失灵AL23变压器内自动保护动作AL58压缩机高压限位安全开关动作AL24压缩机电动机内保护动作AL59加热终止温控器失灵AL25冷凝器风机电动机内保护动作AL60化霜终止温控器失灵AL
E09950,E38037,1,船舶电气设备维修指南,234,报警代码故障报警代码故障AL20控制电路保险丝断路(24V)AL55次级送风温度传感器失灵AL21电脑控制器保险丝断路(18V)AL56初级回风温度传感器失灵AL22蒸发器风机电动机内保护动作AL57环境温度传感器失灵AL23变压器内自动保护动作AL58压缩机高压限位安全开关动作AL24压缩机电动机内保护动作AL59加热终止温控器失灵AL25冷凝器风机电动机内保护动作AL60化霜终止温控器失灵AL
E09951,E38039,1,船舶电气设备维修指南,234,报警代码故障报警代码故障AL20控制电路保险丝断路(24V)AL55次级送风温度传感器失灵AL21电脑控制器保险丝断路(18V)AL56初级回风温度传感器失灵AL22蒸发器风机电动机内保护动作AL57环境温度传感器失灵AL23变压器内自动保护动作AL58压缩机高压限位安全开关动作AL24压缩机电动机内保护动作AL59加热终止温控器失灵AL25冷凝器风机电动机内保护动作AL60化霜终止温控器失灵AL
E10153,E38061,1,船舶电气设备维修指南,241,配电板上主开关跳闸使全船停电是一种严重事故
E05784,E38062,5,船舶电气设备维修指南,241,"主开关跳闸后,应沉着冷静,根据跳闸前的具体情况,采取相应措施恢复供电"
E10154,E38064,1,船舶电气设备维修指南,241,"航行中主开关突然跳闸,其主要原因"
E06768,E38067,1,船舶电气设备维修指南,241,发电机主开关误动作而跳闸
E06306,E38074,1,船舶电气设备维修指南,241,"调速器失灵,如果发电机组的原动机调速器失灵,不能保证油门的大小随负载的大小而相应增减,也会引起主开关跳闸,跳闸前辅机的转速、声音都不均匀,突大突小,变化范围大,一般都属于这种情况,此时应起动另一台备用机组投入电网"
E10239,E38099,2,船舶电气设备维修指南,245,"故障现象故障原因处理方法发电机转速已达到额定值,但不能建立起电压1.没有剩磁或剩磁能量不足2.励磁回路开路3.集电环锈蚀,发黑、电刷弹力不足等,造成接触电阻大4.电刷卡在握中或刷辫线断开5.线性移相电抗器无气隙或气隙太小,形成电抗$X_{DK}$增大,破坏了谐振,不能谐振起压,同时也减小自励分量6.调压器整流二极管被击穿,形成输出短路7.调压器整流元件断路8.接线错误9.发电机剩磁电压与整流器输出"
E10243,E38101,1,船舶电气设备维修指南,245,"故障现象故障原因处理方法发电机转速已达到额定值,但不能建立起电压1.没有剩磁或剩磁能量不足2.励磁回路开路3.集电环锈蚀,发黑、电刷弹力不足等,造成接触电阻大4.电刷卡在握中或刷辫线断开5.线性移相电抗器无气隙或气隙太小,形成电抗$X_{DK}$增大,破坏了谐振,不能谐振起压,同时也减小自励分量6.调压器整流二极管被击穿,形成输出短路7.调压器整流元件断路8.接线错误9.发电机剩磁电压与整流器输出"
E05784,E38117,1,船舶电气设备维修指南,251,"2过压保护电路:当发电机端电压超过整定保护值时,$BG_{2}$导通,使$C_{5}$充电不上电压,无脉冲输出,SCR就不能触发导通,没有激磁电流,主开关失压脱扣跳闸"
E05784,E38198,1,船舶电气设备维修指南,271,"4把试验开关手柄顺时针方向转动(即转向H1),主开关有延时跳闸,属正常"
E10642,E38216,1,船舶电气设备维修指南,276,"2检测自动开关故障(如误脱扣、合闸失灵,也包括发电机不起压)发出相应的故障信号,而且保持这些故障信号直至外部开关复位"
E05784,E38276,1,船舶电气设备维修指南,300,"然后断开轻载的机组主开关,所有的负载抛给被测主开关的机组,同时,用秒表计时,记下延时跳闸时间和过载电流动作值,如果不符合要求,应给以调整其有关电位器;对于失压保护动作值的校验:主开关合上,调节发电机以设定电压电位器,使发电机端电压下降到70%$U_{N}$,主开关应能自动瞬时跳闸"
E11272,E38310,1,船舶电气设备维修指南,314,3换向电磁阀故障
E11091,E38311,2,船舶电气设备维修指南,314,"总之,主机遥控系统故障检修的方法与电气设备检修方法一样"
E11556,E38371,1,船舶电气设备维修指南,336,"如模拟面板上的“测速发电机故障”灯34亮,表示遥控系统中的两个测速发电机测出的柴油机转速有一定的偏差"
E11726,E38442,1,船舶电气设备维修指南,347,"数据显示值故障处理方法-error1~3RAM故障用修正卡修复-error4~5$E^{2}$PROM故障更换已固化程序的$E^{2}$PROM-error6~7或error$E^{2}$PROM故障更换处理器板UD5位置的$E^{2}$PROM88888881冻结故障2试验按钮故障1见冻结故障处理或更换面板模块2更换试验按钮无显示冻结故障,即按住按钮,系统不反映1把系统电源断开5s以上,然后再合"
E12092,E38545,5,"内河船舶电气设备的原理与维护 (马南琦等编著, 马南琦等编著, 马南琦)",10,5自动空气断路器.....(139
E05980,E38635,1,"内河船舶电气设备的原理与维护 (马南琦等编著, 马南琦等编著, 马南琦)",38,"变压器短路时严重发热、冒烟和有焦糊味,一旦发现必须立即停止运行"
E12797,E38668,1,"内河船舶电气设备的原理与维护 (马南琦等编著, 马南琦等编著, 马南琦)",58,"限位开关的行程是有限的,当生产机械碰撞限位开关后的行程距离大于限位开关的行程时,就有可能使限位开关损坏"
E06534,E38673,1,"内河船舶电气设备的原理与维护 (马南琦等编著, 马南琦等编著, 马南琦)",59,"此时,熔断器只作短路保护"
E06615,E38676,1,"内河船舶电气设备的原理与维护 (马南琦等编著, 马南琦等编著, 马南琦)",60,"由于热惯性,热继电器不能作短路保护"
E13167,E38729,1,"内河船舶电气设备的原理与维护 (马南琦等编著, 马南琦等编著, 马南琦)",88,设有电动机过载报警指示
E07693,E38776,1,"内河船舶电气设备的原理与维护 (马南琦等编著, 马南琦等编著, 马南琦)",108,"故障现象可能原因排除方法接通电源后指示灯不亮1.插头或线路板插脚接触不良;2.发光二极管损坏;3.电源开关故障1.用酒精清洁;2.更换发光二极管;3.修复或更换电源开关控制器不工作,转速表无指示1.$W_{1}$断路;2.WB损坏;3.$BG_{1}$或$BG_{2}$损坏;4.MB断线1.检查$W_{1}$两端电压应为16V;2.更换WB;3.更换$BG_{1}$或$BG_{2}$;4.更换MB"
E06814,E38777,1,"内河船舶电气设备的原理与维护 (马南琦等编著, 马南琦等编著, 马南琦)",108,"故障现象可能原因排除方法接通电源后指示灯不亮1.插头或线路板插脚接触不良;2.发光二极管损坏;3.电源开关故障1.用酒精清洁;2.更换发光二极管;3.修复或更换电源开关控制器不工作,转速表无指示1.$W_{1}$断路;2.WB损坏;3.$BG_{1}$或$BG_{2}$损坏;4.MB断线1.检查$W_{1}$两端电压应为16V;2.更换WB;3.更换$BG_{1}$或$BG_{2}$;4.更换MB"
E13883,E38807,1,"内河船舶电气设备的原理与维护 (马南琦等编著, 马南琦等编著, 马南琦)",140,1FC系列发电机设有发电机过热保护装置
E05783,E38825,4,"内河船舶电气设备的原理与维护 (马南琦等编著, 马南琦等编著, 马南琦)",148,"发电机外部短路的原因主要有导线绝缘老化,受机械及生物损伤,误操作等"
E14092,E38832,1,"内河船舶电气设备的原理与维护 (马南琦等编著, 马南琦等编著, 马南琦)",148,短路保护是由空气断路器中的过电流继电器或综合保护装置中的过电流继电器实现的
E14146,E38866,6,"内河船舶电气设备的原理与维护 (马南琦等编著, 马南琦等编著, 马南琦)",150,万能式自动空气断路器是一种带有保护装置的开关电器
E14202,E38887,1,"内河船舶电气设备的原理与维护 (马南琦等编著, 马南琦等编著, 马南琦)",154,"操作机构在使用一段时间后(1~2年),在传动机构部分应加润滑油(塑壳式断路器不要加"
E14204,E38889,1,"内河船舶电气设备的原理与维护 (马南琦等编著, 马南琦等编著, 马南琦)",154,"每隔一段时间应清除落在断路器上的灰尘,以保证断路器的绝缘良好"
E14220,E38897,1,"内河船舶电气设备的原理与维护 (马南琦等编著, 马南琦等编著, 马南琦)",155,"当铝盘作逆时针转动时,动触头将作顺时针转动,直接接通两个静触头,于是发出发电机跳闸信号"
E05783,E38904,1,"内河船舶电气设备的原理与维护 (马南琦等编著, 马南琦等编著, 马南琦)",158,发电机保护模块包括过载、欠压和逆功率保护
E05783,E38932,1,"内河船舶电气设备的原理与维护 (马南琦等编著, 马南琦等编著, 马南琦)",185,"故障现象故障原因处理方法发电机电压低于额定电压1.移相电抗器气隙太小2.电抗器、整流器及相复励变压器有一相开路3.整定电阻太小4.转速太低5.发电机励磁绕组有断路6.电抗器或相复励变压器抽头有变动7.电压表有误差1.调整增大气隙2.检查三者之间接线是否有松动或断线,查出后接好紧固3.调大整定电阻4.提高转速到额定值,并校核频率5.检查励磁绕组,修复或换新6.检查并校核电压,重新抽头接线7.校对电压"
E10227,E38932,2,"内河船舶电气设备的原理与维护 (马南琦等编著, 马南琦等编著, 马南琦)",185,"故障现象故障原因处理方法发电机电压低于额定电压1.移相电抗器气隙太小2.电抗器、整流器及相复励变压器有一相开路3.整定电阻太小4.转速太低5.发电机励磁绕组有断路6.电抗器或相复励变压器抽头有变动7.电压表有误差1.调整增大气隙2.检查三者之间接线是否有松动或断线,查出后接好紧固3.调大整定电阻4.提高转速到额定值,并校核频率5.检查励磁绕组,修复或换新6.检查并校核电压,重新抽头接线7.校对电压"
E14977,E38973,2,"现代船舶柴油机故障分析 (黄少竹主编, 黄少竹主编, 黄少竹)",4,"现代船舶柴油机故障分析/黄少竹主编.—大连:大连海事大学出版社,2005.1ISBN7-5632-1810-6"
E15405,E39012,1,"现代船舶柴油机故障分析 (黄少竹主编, 黄少竹主编, 黄少竹)",24,"运行时柴油机活塞环断裂后卡在涡轮喷嘴环流道中以及因碰撞或受热变形使喷嘴环喉口面积变小,也会使气流通道阻力变大"
E15026,E39021,1,"现代船舶柴油机故障分析 (黄少竹主编, 黄少竹主编, 黄少竹)",27,"新型机事故率统计的资料还不多,从相关杂志的大量故障分析文章和我们所学的知识可知,保险公司所统计的“增压器故障”实际上按轮机管理专业来看往往是包括增压系统的故障"
E15475,E39024,1,"现代船舶柴油机故障分析 (黄少竹主编, 黄少竹主编, 黄少竹)",27,"其次增压器轴承损坏也容易发生,特别是在发生增压器超速或转子不平衡时;其他还较可能发生的有涡轮壳体腐蚀穿孔、涡轮叶片导向环磨损、空气冷却器管子漏水及压气机叶轮爆裂等"
E15498,E39031,1,"现代船舶柴油机故障分析 (黄少竹主编, 黄少竹主编, 黄少竹)",27,"做进一步认真检查,发现主机第3缸缸套开裂漏水,随即停车更换缸套"
E15847,E39080,3,"现代船舶柴油机故障分析 (黄少竹主编, 黄少竹主编, 黄少竹)",51,"在柴油机管理中,影响换气质量的因素主要有:(1)废气涡轮增压器故障;(2)进气系统严重漏泄;(3)空冷器堵塞和脏污;(4)进气总管着火;(5)气道脏堵;(6)进排气阀故障"
E15888,E39085,1,"现代船舶柴油机故障分析 (黄少竹主编, 黄少竹主编, 黄少竹)",53,由此说明前面的理论分析是正确的:1#缸排温过高是因喷油器故障致使雾化不良引起的;3#缸是因单缸负荷较高引起的
E15920,E39090,2,"现代船舶柴油机故障分析 (黄少竹主编, 黄少竹主编, 黄少竹)",54,"然而,增压器转子转动有卡阻现象,涡轮侧轴承烧损"
E15921,E39091,1,"现代船舶柴油机故障分析 (黄少竹主编, 黄少竹主编, 黄少竹)",54,"结合运行中透平油迅速变质的现象来看,经分析认为是由于气封不足,致使废气进入透平油中,造成结炭,从而使轴承存在磨粒磨损以及因油质恶化、润滑不良,造成轴承发热烧损"
E15026,E39100,1,"现代船舶柴油机故障分析 (黄少竹主编, 黄少竹主编, 黄少竹)",55,"气缸内空气量不足的原因一般是气缸漏气,如活塞环漏气、排气阀漏气等;扫气空气供应不足,如气口堵塞、增压器进气滤器堵塞、中冷器堵塞、增压器污阻等;排气系统受阻;环境状态如大气压力和环境温度变化"
E15947,E39100,1,"现代船舶柴油机故障分析 (黄少竹主编, 黄少竹主编, 黄少竹)",55,"气缸内空气量不足的原因一般是气缸漏气,如活塞环漏气、排气阀漏气等;扫气空气供应不足,如气口堵塞、增压器进气滤器堵塞、中冷器堵塞、增压器污阻等;排气系统受阻;环境状态如大气压力和环境温度变化"
E15020,E39102,1,"现代船舶柴油机故障分析 (黄少竹主编, 黄少竹主编, 黄少竹)",55,"扫气压力偏低使压缩压力$p_{c}$降低,气缸漏气、活塞顶烧损等气缸机件故障也使压缩压力$p_{c}$降低"
E15088,E39106,1,"现代船舶柴油机故障分析 (黄少竹主编, 黄少竹主编, 黄少竹)",55,e)气缸套磨损
E15962,E39109,1,"现代船舶柴油机故障分析 (黄少竹主编, 黄少竹主编, 黄少竹)",56,主机活塞环异常磨损会引起涡轮增压器损坏吗?答案是肯定的
E15983,E39124,1,"现代船舶柴油机故障分析 (黄少竹主编, 黄少竹主编, 黄少竹)",56,"迅速停车后,立即组织吊缸,清洁检查扫气箱和排烟管,发现尽管主机仅运行5000h,第一缸有两道活塞环磨损已超极限,其余的也已磨损1.5mm(活塞环的磨损率应不大于0.3~0.5mm/kh),活塞环槽严重积炭,第一道和第二道活塞环搭口对在一起,磨损在圆周呈不均匀状态,扫气箱中基本上所有的口琴阀已烧坏或变形,活塞杆气封环弹簧均已断裂,扫气箱油泥沉积高达20cm"
E15020,E39140,1,"现代船舶柴油机故障分析 (黄少竹主编, 黄少竹主编, 黄少竹)",57,"特别是在初期的磨合运转中,容易发生微咬,导致活塞环、气缸很快磨损"
E15026,E39146,1,"现代船舶柴油机故障分析 (黄少竹主编, 黄少竹主编, 黄少竹)",58,按:磨合不良+超负荷运行、会导致活塞环异常磨损、扫气箱着火、增压器超速、增压器轴承损坏
E15026,E39147,1,"现代船舶柴油机故障分析 (黄少竹主编, 黄少竹主编, 黄少竹)",58,按:磨合不良+超负荷运行、会导致活塞环异常磨损、扫气箱着火、增压器超速、增压器轴承损坏
E16027,E39147,1,"现代船舶柴油机故障分析 (黄少竹主编, 黄少竹主编, 黄少竹)",58,按:磨合不良+超负荷运行、会导致活塞环异常磨损、扫气箱着火、增压器超速、增压器轴承损坏
E10076,E39154,1,"现代船舶柴油机故障分析 (黄少竹主编, 黄少竹主编, 黄少竹)",59,滚动轴承损坏主要有:滚动体、内外圈、保持架的磨损;滚动体和内外圈滚道上工作表面的疲劳点蚀
E16258,E39194,1,"现代船舶柴油机故障分析 (黄少竹主编, 黄少竹主编, 黄少竹)",65,"××轮,因油泵管路堵塞不供油,导致油泵、轴承烧毁"
E15498,E39234,1,"现代船舶柴油机故障分析 (黄少竹主编, 黄少竹主编, 黄少竹)",81,"1996年2月28日(故障前)主机曾进行过吊缸检查,表3-4-1为当时所测取的主机第4、6缸缸套磨损的有关数据,从中可以看出,第4、6缸的最大磨损率分别为0.034mm/kh,0.040mm/kh,不超过铸铁缸套所许可的磨损率极限0.1mm/kh,在这次吊缸之前的一段时间内,主机运转状况良好"
E16592,E39245,1,"现代船舶柴油机故障分析 (黄少竹主编, 黄少竹主编, 黄少竹)",83,"特别是对于老龄船舶,柴油机缸套磨损本来就比较厉害,轮机人员更应加强科学管理"
E16631,E39260,1,"现代船舶柴油机故障分析 (黄少竹主编, 黄少竹主编, 黄少竹)",85,"燃油中含有较多水分时,使低温腐蚀增加,使燃烧不稳定,可能使燃烧室结炭增多、活塞环缸套磨损加大"
E16864,E39312,2,"现代船舶柴油机故障分析 (黄少竹主编, 黄少竹主编, 黄少竹)",94,实例2:《HYK轮主机B5连杆轴承严重烧损事故》[21
E16903,E39323,1,"现代船舶柴油机故障分析 (黄少竹主编, 黄少竹主编, 黄少竹)",96,"轮机人员立即赶往机舱,发现主机A、B缸两侧大量的主机损坏部件飞出,滑油溅在花铁板上,即组织人员进行检查,见主机严重损坏,已无法修复续航"
E16904,E39324,1,"现代船舶柴油机故障分析 (黄少竹主编, 黄少竹主编, 黄少竹)",96,"No.5缸连杆轴承下盖断裂脱落,A侧连杆[大端]轴承螺栓断裂,副连杆A连杆螺栓断裂,主连杆B弯曲变形,连杆轴瓦碾出"
E16905,E39327,1,"现代船舶柴油机故障分析 (黄少竹主编, 黄少竹主编, 黄少竹)",96,"No.5B侧凸轮轴弯曲变形,凸轮轴轴承大部分损坏"
E15025,E39351,1,"现代船舶柴油机故障分析 (黄少竹主编, 黄少竹主编, 黄少竹)",98,"曲轴断裂后,第4曲柄以后的曲轴往前移1cm,机械负荷骤然增加,第4轴承马上烧熔,主机很快减速,轴带发电机失压跳电后,各种保护立即把右主机油门杆拉到零位,右主机停车,这一过程时间很短,因而造成了停车前没有任何报警"
E10502,E39354,1,"现代船舶柴油机故障分析 (黄少竹主编, 黄少竹主编, 黄少竹)",98,"曲轴断裂后,第4曲柄以后的曲轴往前移1cm,机械负荷骤然增加,第4轴承马上烧熔,主机很快减速,轴带发电机失压跳电后,各种保护立即把右主机油门杆拉到零位,右主机停车,这一过程时间很短,因而造成了停车前没有任何报警"
E15704,E39366,2,"现代船舶柴油机故障分析 (黄少竹主编, 黄少竹主编, 黄少竹)",99,实例2:《HJ轮主机损坏事故》[21
E16988,E39369,1,"现代船舶柴油机故障分析 (黄少竹主编, 黄少竹主编, 黄少竹)",99,"吊主机第5缸发现活塞烧坏、缸套上下裂纹4条,曲拐轴颈拉毛"
E16987,E39370,1,"现代船舶柴油机故障分析 (黄少竹主编, 黄少竹主编, 黄少竹)",99,4月12日第5缸连杆大端轴承又烧坏
E17008,E39377,1,"现代船舶柴油机故障分析 (黄少竹主编, 黄少竹主编, 黄少竹)",100,实例:《DLH轮低速主机主轴承断油损坏事故》$^{[21]}$
E17040,E39383,1,"现代船舶柴油机故障分析 (黄少竹主编, 黄少竹主编, 黄少竹)",100,实例1:《WH轮主机曲轴烧损事故》[21
E17076,E39392,1,"现代船舶柴油机故障分析 (黄少竹主编, 黄少竹主编, 黄少竹)",101,"当主机因失电自动停车后,都认为有自动保安装置起作用,不可能发生轴承烧坏,当时在机舱的有大管轮、二管轮、电机员等干部船员,没有一个人提醒轮机长检查主轴承"
E17117,E39401,1,"现代船舶柴油机故障分析 (黄少竹主编, 黄少竹主编, 黄少竹)",102,实例2:《XYC轮副机三次曲轴断裂现象研究》$^{[22]}$
E17122,E39403,1,"现代船舶柴油机故障分析 (黄少竹主编, 黄少竹主编, 黄少竹)",103,图3-5-11No.4副机第二次曲轴断裂形状及部位
E17146,E39413,1,"现代船舶柴油机故障分析 (黄少竹主编, 黄少竹主编, 黄少竹)",104,"油质较差造成燃油缝隙式滤器堵塞,以致造成各缸负荷严重不均,使曲轴承受较大扭矩,工作极不平衡,这为日后曲轴断裂起了推波助澜的作用"
E17152,E39415,1,"现代船舶柴油机故障分析 (黄少竹主编, 黄少竹主编, 黄少竹)",105,实例:《GBK轮2号主机第8缸连杆螺栓断裂事故》$^{[21]}$
E17513,E39503,2,"现代船舶柴油机故障分析 (黄少竹主编, 黄少竹主编, 黄少竹)",118,"该系统除了采用更先进的计算机网络技术、电子通信技术,主要是采用计算机智能程序——专家系统来代替人的部分智能活动的一种人机处理系统,应用了日益成熟的柴油发动机工作过程模拟计算技术、模糊逻辑技术、多媒体技术等使柴油机故障诊断水平进一步提高"
E17817,E39523,2,"现代船舶柴油机故障分析 (黄少竹主编, 黄少竹主编, 黄少竹)",143,"SIPWA-TP系统在主机运行状态下,可以连续监测主机活塞环的运行工况,进行活塞环故障的早期预报,为主机的吊缸检修工作提供科学的依据"
E17831,E39527,2,"现代船舶柴油机故障分析 (黄少竹主编, 黄少竹主编, 黄少竹)",144,"活塞环在环槽中卡死可通过旋转模型反映出来(长时间测不到或只测到同一段),而活塞环的异常磨损可以通过SIPWA-TP系统中活塞环磨损报警记录反映出来"
E17841,E39538,2,"现代船舶柴油机故障分析 (黄少竹主编, 黄少竹主编, 黄少竹)",145,"图4-4-13为主机No.5缸在活塞环磨损报警时,通过MAPEX-PR监测系统所监测到的该缸前后缸壁温度与主机其他各缸缸壁温度的记录"
E16999,E39540,2,"现代船舶柴油机故障分析 (黄少竹主编, 黄少竹主编, 黄少竹)",145,"由此也可以初步判断,No.5缸活塞环处于异常磨损状态"
E11401,E38077,1,"现代船舶柴油机故障分析 (黄少竹主编, 黄少竹主编, 黄少竹)",148,"目前,随着计算机技术、信号分析技术、模糊和人工智能技术的发展,柴油机故障诊断技术近年来也得到了很大的发展,尤其是以非线性并行分布处理为主流的神经网络理论的发展,为柴油机故障诊断技术的研究开辟了崭新的途径"
E17930,E39578,1,"现代船舶柴油机故障分析 (黄少竹主编, 黄少竹主编, 黄少竹)",151,"因此,本课题所要解决的问题是建立船用柴油机动力系统运行的故障现象与故障源之间映射关系的模型,以实现柴油机故障分类,并得出相应的诊断策略"
E17969,E39605,3,"现代船舶柴油机故障分析 (黄少竹主编, 黄少竹主编, 黄少竹)",153,用于模拟计算增压系统故障的变量有:空气滤清器堵塞、增压器效率下降、空冷器传热恶化、透平保护格栅堵塞、透平通流部分堵塞、废热锅炉流阻增大或气缸进排气道堵塞等
E15027,E39661,1,"现代船舶柴油机故障分析 (黄少竹主编, 黄少竹主编, 黄少竹)",160,"例如空气滤清器、空气冷却器空气侧堵塞,废气锅炉流阻增大,即可直接用部件的压损系数确定"
E18087,E39690,1,"现代船舶柴油机故障分析 (黄少竹主编, 黄少竹主编, 黄少竹)",162,"这是由于一个气缸的征兆变量除主要受本缸故障的影响,还受到另一气缸故障一定的影响"
E18103,E39701,1,"现代船舶柴油机故障分析 (黄少竹主编, 黄少竹主编, 黄少竹)",163,"根据以上原理,研究开发出船用柴油机故障诊断仿真系统"
E18168,E39740,1,"现代船舶柴油机故障分析 (黄少竹主编, 黄少竹主编, 黄少竹)",167,"13林阳春.JH轮主机增压器故障分析与思考[J].船舶机务技术交流,第102期:8~10"
E16027,E39758,1,"舰船动力装置故障诊断与可靠性 (张维竞编, 張維競 (船舶工程))",7,3.7增压器轴承烧损.....022
E18399,E39937,1,"舰船动力装置故障诊断与可靠性 (张维竞编, 張維競 (船舶工程))",21,其可能原因是活塞环失效或气阀密封等问题
E18473,E39969,1,"舰船动力装置故障诊断与可靠性 (张维竞编, 張維競 (船舶工程))",25,冷却水管道泄漏严重
E15026,E39995,1,"舰船动力装置故障诊断与可靠性 (张维竞编, 張維競 (船舶工程))",31,"增压器冷却水水腔堵塞,使冷却水量减少"
E15921,E40030,1,"舰船动力装置故障诊断与可靠性 (张维竞编, 張維競 (船舶工程))",39,"结合运行中透平油迅速变质的现象来看,经分析认为是由于气封不足,致使废气进入透平油中,造成结炭,从而使轴承存在磨屑磨损以及因油质恶化、润滑不良,造成轴承发热烧损"
E11784,E40046,1,"舰船动力装置故障诊断与可靠性 (张维竞编, 張維競 (船舶工程))",42,"通过滑油样品的分析,便可以在不拆机的情况下实现对舰船动力装置主、辅机故障的预报和诊断"
E18997,E40167,2,"舰船动力装置故障诊断与可靠性 (张维竞编, 張維競 (船舶工程))",71,r$_ij$)(x$_i$)压力不足x$_1$流量不足x$_2$不动作x$_3$发热x$_4$噪声大x$_5$振动x$_6$漏油x$_7$液压泵故障y$_1$0.40.400.30.40.40.2液压马达故障y$_2$0.20.100.20.20.30.4液压缸故障y$_3$0.20.100.10.10.20.5
E18998,E40167,1,"舰船动力装置故障诊断与可靠性 (张维竞编, 張維競 (船舶工程))",71,r$_ij$)(x$_i$)压力不足x$_1$流量不足x$_2$不动作x$_3$发热x$_4$噪声大x$_5$振动x$_6$漏油x$_7$液压泵故障y$_1$0.40.400.30.40.40.2液压马达故障y$_2$0.20.100.20.20.30.4液压缸故障y$_3$0.20.100.10.10.20.5
E18997,E40168,2,"舰船动力装置故障诊断与可靠性 (张维竞编, 張維競 (船舶工程))",71,r$_ij$)(x$_i$)压力不足x$_1$流量不足x$_2$不动作x$_3$发热x$_4$噪声大x$_5$振动x$_6$漏油x$_7$液压泵故障y$_1$0.40.400.30.40.40.2液压马达故障y$_2$0.20.100.20.20.30.4液压缸故障y$_3$0.20.100.10.10.20.5
E18998,E40168,1,"舰船动力装置故障诊断与可靠性 (张维竞编, 張維競 (船舶工程))",71,r$_ij$)(x$_i$)压力不足x$_1$流量不足x$_2$不动作x$_3$发热x$_4$噪声大x$_5$振动x$_6$漏油x$_7$液压泵故障y$_1$0.40.400.30.40.40.2液压马达故障y$_2$0.20.100.20.20.30.4液压缸故障y$_3$0.20.100.10.10.20.5
E18997,E40169,1,"舰船动力装置故障诊断与可靠性 (张维竞编, 張維競 (船舶工程))",71,r$_ij$)(x$_i$)压力不足x$_1$流量不足x$_2$不动作x$_3$发热x$_4$噪声大x$_5$振动x$_6$漏油x$_7$液压泵故障y$_1$0.40.400.30.40.40.2液压马达故障y$_2$0.20.100.20.20.30.4液压缸故障y$_3$0.20.100.10.10.20.5
E18998,E40169,1,"舰船动力装置故障诊断与可靠性 (张维竞编, 張維競 (船舶工程))",71,r$_ij$)(x$_i$)压力不足x$_1$流量不足x$_2$不动作x$_3$发热x$_4$噪声大x$_5$振动x$_6$漏油x$_7$液压泵故障y$_1$0.40.400.30.40.40.2液压马达故障y$_2$0.20.100.20.20.30.4液压缸故障y$_3$0.20.100.10.10.20.5
E19049,E40188,1,"舰船动力装置故障诊断与可靠性 (张维竞编, 張維競 (船舶工程))",75,"图(b)中波形不再均匀,在漏气缸位上形成一个凸起,其原因是漏气缸的压缩阻力比其他缸小,倒拖力矩不变时,在漏气缸压缩上止点处转速不但不下降,反而上升,从而在转速波形上形成一个凸起,此时的平均转速为$n_{mean}=253.8$,最大转差为$D_{sp}=14.9\r/min$,都比正常状态时测得的值($n_{mean}=246.2$,$D_{sp}=9.5\r/min$)大"
E07891,E40230,1,"舰船动力装置故障诊断与可靠性 (张维竞编, 張維競 (船舶工程))",111,Wornfuelpumps(燃油泵磨损
E19231,E40235,1,"舰船动力装置故障诊断与可靠性 (张维竞编, 張維競 (船舶工程))",111,图4-39展示了CoCoS-EDS系统对柴油机故障诊断所要监测的相关参数
E19366,E40299,1,"舰船动力装置故障诊断与可靠性 (张维竞编, 張維競 (船舶工程))",131,"例如考虑一个继电器,如果在它的线圈两端加上电压时它的常开触点能正确地闭合,它的常闭触点能正确地打开,我们称这个继电器工作正常;反之,在此条件下,若此继电器的常开触点没能正确地闭合,或它的常闭触点没能正确地打开,比如继电器线圈已烧断,无法修复,我们称这个继电器失效;如果继电器的常开触点没能正确地闭合或它的常闭触点没能正确地打开的原因是由于继电器线圈开路,经修复后可以恢复其功能,我们称这个继电器故障;"
E19366,E40300,1,"舰船动力装置故障诊断与可靠性 (张维竞编, 張維競 (船舶工程))",131,"例如考虑一个继电器,如果在它的线圈两端加上电压时它的常开触点能正确地闭合,它的常闭触点能正确地打开,我们称这个继电器工作正常;反之,在此条件下,若此继电器的常开触点没能正确地闭合,或它的常闭触点没能正确地打开,比如继电器线圈已烧断,无法修复,我们称这个继电器失效;如果继电器的常开触点没能正确地闭合或它的常闭触点没能正确地打开的原因是由于继电器线圈开路,经修复后可以恢复其功能,我们称这个继电器故障;"
E19372,E40301,1,"舰船动力装置故障诊断与可靠性 (张维竞编, 張維競 (船舶工程))",131,"例如考虑一个继电器,如果在它的线圈两端加上电压时它的常开触点能正确地闭合,它的常闭触点能正确地打开,我们称这个继电器工作正常;反之,在此条件下,若此继电器的常开触点没能正确地闭合,或它的常闭触点没能正确地打开,比如继电器线圈已烧断,无法修复,我们称这个继电器失效;如果继电器的常开触点没能正确地闭合或它的常闭触点没能正确地打开的原因是由于继电器线圈开路,经修复后可以恢复其功能,我们称这个继电器故障;"
E19374,E40302,1,"舰船动力装置故障诊断与可靠性 (张维竞编, 張維競 (船舶工程))",131,"例如考虑一个继电器,如果在它的线圈两端加上电压时它的常开触点能正确地闭合,它的常闭触点能正确地打开,我们称这个继电器工作正常;反之,在此条件下,若此继电器的常开触点没能正确地闭合,或它的常闭触点没能正确地打开,比如继电器线圈已烧断,无法修复,我们称这个继电器失效;如果继电器的常开触点没能正确地闭合或它的常闭触点没能正确地打开的原因是由于继电器线圈开路,经修复后可以恢复其功能,我们称这个继电器故障;"
E19560,E40402,1,"舰船动力装置故障诊断与可靠性 (张维竞编, 張維競 (船舶工程))",155,"系统故障为“不供油”,设电动机故障率$F_{m}=0.001$,油泵故障率$F_{p}=0$,其他的连接轴、导线、接点故障率也为零"
E15021,E40564,1,船舶内燃机故障急修手册 (麦庆祥著),55,喷油器杜塞漏油(机力注油式
E15021,E40583,1,船舶内燃机故障急修手册 (麦庆祥著),62,喷油器油咀漏油
E20180,E40587,1,船舶内燃机故障急修手册 (麦庆祥著),64,"冷却器损坏,润滑油漏到冷却水中而泵出"
E20477,E40633,1,船舶柴油机故障实例 (张庆信编),7,从一次主机增压器损坏事故谈起......36
